tfidf_sim,embedding_sim,is_duplicate
0.5742255042871544,0.6691258,1
0.441593959082693,0.85872966,1
0.5213454293955639,0.65231,1
0.010549550498931899,0.6303855,1
0.6012250972216666,0.91333956,1
0.40937284749291714,0.74852216,1
1.0,0.99999994,1
0.6186163885700048,0.8706889,1
1.0,0.99999994,1
1.0,1.0,1
1.0,1.0,1
0.48645970729064847,0.7096962,1
0.00939857561679834,0.60307497,1
0.04687473272159607,0.65230465,1
0.45891773190190327,0.7848598,1
0.0557341752714154,0.6328391,1
0.3560393237889758,0.79743606,1
1.0000000000000002,1.0,1
0.39369721927604023,0.73700356,1
0.010998477483904574,0.72718704,1
0.4027370551125424,0.801173,1
0.5264820074765727,0.68391204,1
1.0,1.0,1
0.5008560787008269,0.6738152,1
0.3760989819329961,0.7908045,1
1.0000000000000002,1.0,1
0.010920157987651613,0.5237938,1
0.3843074969357235,0.7523427,1
0.0105795776198209,0.3986317,1
0.009957546161561928,0.5128768,1
1.0000000000000002,0.99999994,1
0.44158851859585835,0.7369815,1
0.009743731539054683,0.4816811,1
0.43961898285526535,0.85393,1
0.3970867200858989,0.8293941,1
0.009914027902651371,0.6041814,1
0.45137759249903686,0.7332618,1
0.5930317915063046,0.7105135,1
0.009684422990385648,0.48102382,1
0.00936195930745635,0.5993162,1
0.009606963172406328,0.6521849,1
0.04773752649404082,0.566029,1
0.47979772238711654,0.850691,1
0.4343414024474386,0.7540573,1
1.0,0.99999994,1
1.0000000000000002,1.0000002,1
0.44539296752191126,0.80105555,1
1.0000000000000002,1.0000002,1
0.4897770761299233,0.72965276,1
0.44337530631552047,0.75063396,1
1.0,1.0,1
0.399117515648879,0.66239727,1
1.0000000000000002,0.9999998,1
0.39863690220956255,0.7333487,1
1.0,1.0,1
0.4248361630200178,0.9113604,1
0.010042143826452767,0.49295807,1
0.01124758355539143,0.4802373,1
1.0000000000000002,0.99999994,1
1.0000000000000002,0.99999994,1
0.3607158005391168,0.6322428,1
0.06064638000565224,0.6441839,1
1.0000000000000002,1.0,1
1.0,1.0000001,1
0.009385704642044634,0.5805156,1
0.05635198985409498,0.43333173,1
0.5751950936424101,0.73287344,1
0.04827011865821851,0.46741095,1
0.451406635105533,0.77816135,1
0.39868938990467756,0.7894292,1
0.39868938990467756,0.82163024,1
0.39868938990467756,0.853106,1
0.05472868580172392,0.61312807,1
1.0000000000000002,0.9999999,1
0.010238247027973836,0.6196065,1
0.009386027175708975,0.6028148,1
0.05642386420014818,0.5901666,1
0.5112811375347436,0.7208318,1
1.0000000000000002,1.0000001,1
0.4102065151530412,0.7235437,1
0.40937284749291714,0.7869378,1
0.05647291994000944,0.5322782,1
1.0000000000000002,1.0,1
0.009743731539054683,0.5113127,1
0.010772421455662708,0.5432929,1
0.010563238161625955,0.54178333,1
1.0000000000000002,1.0000002,1
1.0,1.0,1
0.5270613032770674,0.82454014,1
0.05786234657377509,0.681341,1
0.011427364848675299,0.54993176,1
0.3606621200237915,0.79218286,1
1.0000000000000002,1.0,1
0.008926892501182504,0.5696419,1
0.531612074183547,0.6735637,1
0.5550358055953067,0.6249832,1
0.39834196754477297,0.76728386,1
1.0,1.0,1
0.010135225274696161,0.61299956,1
0.010221568958826838,0.4434765,1
0.471587826012991,0.6938817,1
0.5726979306920899,0.6566917,1
0.6060821114791257,0.7503905,1
0.527326179077843,0.7332182,1
0.4089070330722717,0.76107323,1
0.4575916499549242,0.8817196,1
0.009867971268263564,0.61145365,1
0.00960690277461664,0.5206017,1
0.010552312846630354,0.57700616,1
0.5447504731690677,0.83700216,1
0.4437732484575008,0.7476164,1
1.0000000000000002,1.0,1
0.46449802793852174,0.7592517,1
1.0000000000000002,1.0,1
0.4505513049609332,0.7399374,1
0.451406635105533,0.6730206,1
0.6036818882401725,0.73420584,1
1.0,1.0000001,1
1.0,1.0000001,1
0.4053008425864459,0.68292433,1
0.4939105290880783,0.8606983,1
0.5041834163009319,0.7809014,1
0.5308852417318782,0.7934007,1
0.483158038365745,0.71953624,1
0.05502367017137489,0.53011656,1
0.009007555438882748,0.4562445,1
1.0000000000000002,1.0000002,1
0.41270706716694966,0.6299244,1
0.3727176445928126,0.67052853,1
0.4067794079508053,0.8312642,1
0.4067794079508053,0.8435075,1
1.0,1.0000001,1
1.0,1.0000001,1
0.39897955467193114,0.7783993,1
0.05582890768308348,0.50779784,1
1.0000000000000002,1.0000002,1
0.010141277497308055,0.7064416,1
0.011051561641277892,0.55072665,1
1.0,1.0000001,1
0.45748571351077116,0.7457471,1
1.0,1.0000001,1
0.01049650982660532,0.641871,1
0.4423356682392269,0.7629407,1
1.0,1.0000001,1
0.3551979175692584,0.7572187,1
0.5834791864823313,0.8526157,1
0.3551979175692584,0.7706598,1
1.0000000000000002,1.0,1
0.010514043776861074,0.4835537,1
1.0000000000000002,1.0,1
1.0,1.0000001,1
0.009881857595356891,0.545214,1
1.0,1.0000001,1
0.010843527554100833,0.48017317,1
0.5350069464045455,0.77620125,1
0.5811506982664306,0.7107187,1
0.6113718179729803,0.6926414,1
0.4451535639301296,0.816692,1
0.011230732965056002,0.4551218,1
0.5626781028003618,0.73774683,1
0.47017708873356795,0.607952,1
0.052994984297440484,0.52011466,1
0.009026637645965932,0.46338958,1
0.4219307007232154,0.78721786,1
0.4219307007232154,0.8057697,1
0.3381969252809638,0.84734046,1
0.3381969252809638,0.83678323,1
0.05553061982231858,0.6895821,1
0.49145733897697935,0.71222866,1
0.5201659761955088,0.85970706,1
0.5413058643994707,0.7615602,1
0.47979772238711643,0.78180766,1
0.5308852417318782,0.73732185,1
0.4343414024474386,0.80154026,1
1.0000000000000002,0.99999994,1
0.363316907483625,0.8339281,1
0.591402466434421,0.84468937,1
0.05688952824696789,0.57388306,1
0.010366032909405319,0.5832623,1
1.0000000000000002,0.9999998,1
1.0000000000000004,1.0,1
0.05976641650124982,0.69748616,1
1.0000000000000004,1.0,1
0.467452327625496,0.85229456,1
0.5373378232117156,0.8386392,1
0.420872987196145,0.8264918,1
0.009291444436434815,0.5788716,1
0.5112811375347436,0.8892923,1
0.04898651667537964,0.69684374,1
0.5565733061928517,0.70197064,1
0.47993970411795944,0.8307883,1
0.5306280157052995,0.8377762,1
0.5559302662193985,0.8558267,1
1.0,1.0,1
0.5850132095550077,0.69349265,1
0.5901536998120693,0.76036155,1
0.3984366725343123,0.791136,1
0.5983082957928505,0.7468979,1
1.0,1.0,1
0.4352699341257994,0.75769114,1
0.009724136445740675,0.68022573,1
1.0000000000000002,1.0,1
0.6032717505362739,0.9075725,1
0.059503361848804955,0.5033452,1
0.47022513274790567,0.84618044,1
0.5842910821446856,0.7442661,1
0.009547968574104735,0.6125181,1
0.5541796993739009,0.72849,1
0.5946743810001066,0.68875134,1
0.5594982096687342,0.6652366,1
1.0000000000000002,0.99999994,1
0.3691994262080321,0.78868955,1
0.6383245858576233,0.6453643,1
0.44557088582361803,0.6521818,1
0.5417406487068842,0.7975408,1
1.0000000000000002,1.0,1
1.0,1.0000002,1
1.0,1.0000002,1
1.0,1.0000002,1
0.34743112084692285,0.60919666,1
0.3357074874472982,0.699457,1
1.0,1.0000001,1
0.3704456205500873,0.79992646,1
1.0000000000000002,1.0000001,1
1.0000000000000002,1.0000001,1
0.4209545521439401,0.6474432,1
0.048329069383669154,0.41567016,1
1.0,1.0000002,1
1.0,1.0,1
0.5971978939880701,0.87166333,1
0.01048637533238396,0.4811405,1
0.5610165415949804,0.70900637,1
0.45137759249903686,0.75448394,1
0.010374111491143603,0.5319622,1
0.5852624668188288,0.845956,1
1.0000000000000002,0.9999999,1
0.4257089958006227,0.8063485,1
0.009717982837793668,0.56838924,1
0.6119636960878067,0.7477574,1
1.0,1.0000001,1
0.04607149341394716,0.45247805,1
0.04998006274387603,0.67910635,1
0.556262338425961,0.68497086,1
0.05066113918131525,0.6945747,1
1.0000000000000002,1.0,1
1.0000000000000002,1.0,1
1.0,1.0,1
0.5308613249242156,0.5112028,1
0.5155973757229687,0.6913035,1
1.0,1.0,1
1.0,1.0,1
0.05845065135154494,0.6668751,1
0.5014361875744734,0.84975255,1
0.5410216033702071,0.81715035,1
0.05060537875813771,0.6599505,1
1.0,1.0000001,1
0.34527607231493296,0.78287214,1
0.39462266040241933,0.7840998,1
0.009713210686629161,0.502722,1
0.5569439576996574,0.7305918,1
1.0000000000000002,1.0000002,1
0.36707717995109723,0.8172558,1
0.5759442125963107,0.70090336,1
0.4159213064480364,0.83154976,1
0.40108532706171895,0.7705788,1
0.35577093056707165,0.78431356,1
0.35577093056707165,0.77376837,1
0.0498206801585746,0.61284846,1
0.3338210621540382,0.6874069,1
0.01031026050394384,0.57325417,1
0.6094638202293209,0.7431857,1
0.43389883012653235,0.8192793,1
0.056746591818073844,0.57543683,1
1.0000000000000002,1.0000001,1
0.011112271026595014,0.4311393,1
0.38142327938245285,0.82498074,1
1.0,1.0,1
1.0,1.0,1
0.5229456356480666,0.6641216,1
0.48768335083413505,0.84498775,1
1.0,1.0000002,1
0.5125742630760167,0.69029796,1
0.011438684976845501,0.5165582,1
0.010611646576893894,0.60907483,1
1.0000000000000002,1.0000001,1
1.0,1.0000002,1
0.5979840168776752,0.7561213,1
0.012121092051247161,0.63744426,1
0.3547398885920138,0.7012023,1
0.4072795867320717,0.6732787,1
0.6662832575122627,0.8951254,1
0.47979772238711643,0.85909414,1
0.4338482050858098,0.84389174,1
1.0,1.0000002,1
1.0000000000000002,1.0000001,1
0.3584127481012124,0.8215412,1
0.3300915113603876,0.8508078,1
0.4897770761299233,0.72655404,1
0.5564246621205997,0.8264929,1
0.5493395806180826,0.6624385,1
1.0,1.0,1
0.010019290494746091,0.42863327,1
0.5656445392534711,0.89280975,1
0.5272262697941563,0.7397303,1
0.058770878188742354,0.6050619,1
0.47017708873356795,0.69787306,1
1.0,1.0,1
0.5189983891104862,0.808563,1
0.5381466231133528,0.84255034,1
0.3155982340194404,0.70457256,1
0.011574962826042465,0.5222707,1
1.0,1.0,1
1.0000000000000002,0.99999994,1
0.39743265915765547,0.8341599,1
0.39743265915765547,0.81894493,1
0.051177268769043875,0.660488,1
0.008902393363443506,0.6225116,1
0.04988818072906727,0.6307788,1
0.3474032556226847,0.62961423,1
1.0000000000000002,1.0,1
0.6010541198511166,0.7485871,1
0.5769087596548048,0.71592927,1
1.0000000000000002,0.9999999,1
0.011291234843745493,0.49840462,1
0.40937284749291714,0.72692907,1
0.45322108678041084,0.742442,1
1.0000000000000004,1.0000001,1
1.0,1.0000001,1
0.3560094725732943,0.78002053,1
0.30476161528350393,0.75078905,1
0.010042143826452767,0.55952436,1
1.0,1.0000002,1
0.3743647995309239,0.7833674,1
0.487683350834135,0.78458226,1
1.0000000000000002,1.0000001,1
1.0000000000000002,1.0000001,1
0.39882927749115826,0.8242856,1
0.5598800164705694,0.7632562,1
1.0,1.0,1
1.0,0.9999999,1
0.5911397118089783,0.87906605,1
0.3528269680960402,0.7795807,1
0.352981099667172,0.69579977,1
1.0,1.0000001,1
1.0,1.0000001,1
0.04810114902805182,0.5273286,1
0.009982782935621956,0.50713396,1
0.00874149416907927,0.49331173,1
1.0,1.0000001,1
0.011752164286745154,0.47197562,1
1.0,1.0000001,1
1.0000000000000002,1.0000001,1
0.5626749543956694,0.8254285,1
0.42247633984956945,0.712925,1
0.051177268769043875,0.61788905,1
0.00932993395171919,0.6859191,1
0.4788776169796595,0.8762624,1
0.6524761536316852,0.9090159,1
0.010751117290712783,0.44900632,1
0.34527607231493296,0.6673473,1
0.01081606938176647,0.4923045,1
1.0,1.0000001,1
0.4088575853170449,0.832823,1
0.46400115615156856,0.78406084,1
0.421451595790519,0.75201285,1
0.42145159579051905,0.6919873,1
0.009323043489151141,0.54976183,1
0.009539836175926963,0.64479256,1
0.011103601550250827,0.61988044,1
1.0,1.0000001,1
0.5452687988803934,0.8268597,1
1.0,1.0000001,1
0.011918259981453821,0.5878544,1
1.0000000000000002,1.0,1
1.0000000000000002,1.0,1
1.0000000000000002,1.0,1
1.0000000000000002,1.0,1
0.5434280699968245,0.83612657,1
0.5596110956165605,0.84491754,1
0.6225303780410201,0.89759856,1
0.011095234010950248,0.64111245,1
0.6465525965313784,0.8077264,1
0.011009195502121502,0.50316715,1
0.3817124406330027,0.7642238,1
0.5323337922464144,0.79092324,1
1.0000000000000002,1.0000001,1
1.0000000000000002,1.0000001,1
0.4072795867320717,0.8109896,1
0.6512595510385996,0.7600094,1
0.009949394713979329,0.58471453,1
0.31086861823613826,0.6997499,1
0.01074773477979462,0.6427604,1
0.011343962289951427,0.70870316,1
0.05882057130089508,0.4365633,1
1.0,0.9999999,1
1.0,0.9999999,1
0.36722185824998266,0.7621505,1
0.3155982340194404,0.68747556,1
1.0000000000000002,0.9999999,1
0.4352699341257994,0.77782583,1
0.5838530697680424,0.6410124,1
0.010549144556010736,0.56542355,1
1.0,1.0000002,1
0.6326068384104613,0.7306678,1
0.3998177212930408,0.8109739,1
0.421856355036987,0.8171501,1
0.37883353756976185,0.7648933,1
0.05434626830966992,0.61334276,1
0.5045632566074996,0.6505127,1
1.0,1.0,1
0.010193845101587632,0.39135706,1
0.3357391664193293,0.7052064,1
0.6617050771363305,0.9211855,1
0.3349739581812788,0.7192633,1
0.4204354354083682,0.7865683,1
0.4217653380905893,0.6657965,1
0.5694409333114987,0.6439236,1
0.3528269680960402,0.6257746,1
1.0,1.0,1
1.0,1.0,1
1.0,1.0,1
0.009518541379486219,0.5543136,1
0.009518541379486219,0.5429823,1
0.01095381459532833,0.49170804,1
0.37238101782702354,0.7383796,1
1.0,1.0000001,1
0.3565450802862003,0.72557926,1
0.010412873991301586,0.4451276,1
0.009810482330916897,0.48946944,1
0.5020781298123098,0.7713797,1
0.5672321251764122,0.81711745,1
0.5592253225216888,0.9157695,1
0.5789052535317718,0.76713073,1
1.0,1.0000001,1
0.41835093618709923,0.79233193,1
0.011386562748970474,0.6801492,1
0.010644249339227363,0.6955886,1
1.0000000000000002,1.0,1
0.4945863908089548,0.618285,1
0.5230629422913091,0.87220144,1
0.5527655720588864,0.8014802,1
0.5189185780382122,0.77041477,1
0.5600003185823381,0.8630182,1
0.42984774281462895,0.64316267,1
1.0,1.0,1
0.46525890422511385,0.83824706,1
0.009653951545079595,0.3582555,1
0.5893477105753142,0.7087916,1
0.5970997132847708,0.87245256,1
0.6192359651198924,0.8631686,1
0.5768933970865983,0.83652043,1
0.5768933970865983,0.67509675,1
0.010910246265305363,0.6072304,1
0.3289841300725192,0.64966357,1
0.05131243482344168,0.53732497,1
0.37539824378821113,0.6717577,1
0.010836486771368515,0.47132382,1
1.0,1.0,1
1.0,1.0,1
1.0,1.0000001,1
0.44351847123222043,0.7301917,1
0.5093008678455355,0.8410102,1
0.48645970729064847,0.8103213,1
1.0,1.0000001,1
1.0,1.0000001,1
0.05764833560449581,0.52399516,1
1.0000000000000002,0.99999994,1
0.3444460612288153,0.65975016,1
0.009578265701837105,0.61019313,1
1.0,0.9999999,1
0.059434761327342156,0.6226306,1
0.3312776907551219,0.6774081,1
0.6407305434506272,0.8562989,1
0.6141479923676294,0.79070723,1
0.00960690277461664,0.6021317,1
0.008765550516732064,0.56465083,1
0.529061271648444,0.7667522,1
0.010512853057963109,0.46655083,1
0.053790048673388165,0.6454512,1
1.0,1.0,1
0.011072309228709203,0.49938124,1
0.6225303780410198,0.71749943,1
0.6254389149321894,0.8681583,1
0.638667249176131,0.8002819,1
1.0,0.9999999,1
0.3705809500375342,0.6276706,1
0.36748875304857365,0.7888039,1
0.010754042428231957,0.53357667,1
0.6473224652287664,0.76102483,1
0.5804817085851546,0.8880425,1
0.5089711309157849,0.8240575,1
1.0000000000000002,0.9999999,1
0.0102684864503899,0.6373373,1
0.05407640657922467,0.6287205,1
0.3159463886942777,0.82349396,1
0.4159213064480364,0.7781608,1
0.011204963958426399,0.45506772,1
1.0,1.0,1
0.01057272533366559,0.5392263,1
1.0,0.99999994,1
0.05060935988740612,0.40539703,1
0.0110790155221454,0.5688946,1
1.0,1.0000001,1
1.0,1.0000001,1
0.4605722698623544,0.89783025,1
0.5790413842118687,0.6675416,1
0.5014361875744734,0.7606676,1
1.0,1.0,1
0.4219540346133096,0.7241404,1
0.010226007238465961,0.49658573,1
0.011399229969345526,0.5947311,1
1.0000000000000002,1.0,1
0.5675794868251531,0.89949733,1
0.3633356499929383,0.8701979,1
0.3633356499929383,0.8013397,1
0.3625550444554245,0.81678516,1
0.4605722698623544,0.7337434,1
0.5414022095373299,0.8177837,1
0.5014361875744734,0.82112896,1
1.0,1.0,1
1.0,1.0,1
0.00976497619218312,0.4546481,1
0.05823669560132004,0.52249026,1
1.0,1.0000002,1
0.45047270680904766,0.7034054,1
1.0,0.9999999,1
0.5966334093529145,0.6030195,1
0.4631608254321261,0.67986476,1
1.0,1.0,1
0.05951638039513572,0.57572144,1
1.0,1.0,1
0.6036818882401725,0.72727686,1
0.3799977417754335,0.75916684,1
0.3305651606036298,0.71640885,1
0.009946947279623988,0.63588953,1
0.051160403834379614,0.70570695,1
0.5660790002255055,0.6051757,1
0.5780270994936397,0.7322959,1
0.45047270680904766,0.83404505,1
0.44997539700437816,0.86919826,1
1.0000000000000002,0.9999999,1
0.05235842077539271,0.5007123,1
1.0000000000000002,0.9999999,1
1.0,1.0000001,1
0.5345546819584489,0.64711976,1
0.5619047747079293,0.856796,1
0.010617321804443549,0.62700903,1
0.33307077455782147,0.8011995,1
0.0498206801585746,0.6597626,1
0.5801597560583137,0.688073,1
1.0000000000000002,0.99999994,1
0.010900877814394146,0.49645832,1
0.5478456214579716,0.7353902,1
1.0000000000000002,0.9999999,1
0.363316907483625,0.84680307,1
0.35603932378897574,0.6712601,1
1.0,1.0,1
0.35479367129315215,0.63162076,1
0.5522968677631032,0.8513718,1
0.45969957257449123,0.6909382,1
0.5931980468880871,0.76983654,1
0.010813165715602122,0.54668593,1
1.0,1.0,1
1.0,1.0,1
0.052449234278662604,0.5884564,1
0.3565450802862003,0.7315116,1
0.010248156320001891,0.60852075,1
0.3929789576372541,0.8279606,1
0.3445316167673045,0.67182076,1
1.0,1.0000002,1
0.5306280157052995,0.7729144,1
1.0000000000000002,1.0,1
0.4308523762939342,0.7743536,1
0.4277270607513937,0.7643261,1
0.38192710038499944,0.7760404,1
0.6370395894026507,0.8642396,1
0.5356385576418945,0.7360364,1
0.5908196240345325,0.69321656,1
1.0,1.0,1
0.01069390068008031,0.3960063,1
0.421856355036987,0.65246224,1
0.37803936160097057,0.5147117,1
0.4466517065498667,0.8170749,1
1.0000000000000002,1.0000001,1
1.0000000000000002,1.0000001,1
1.0000000000000002,0.9999999,1
0.6210273641972274,0.79155576,1
0.6393983652010056,0.7870631,1
0.47075427256534524,0.6688459,1
0.5243281804706639,0.69800615,1
0.009008576523101051,0.47337663,1
0.05163970391563484,0.58400863,1
0.4715878260129909,0.8193656,1
0.5652363715925935,0.73854303,1
0.009762567297450698,0.5565026,1
1.0000000000000002,0.9999999,1
0.5907529239348446,0.8399026,1
0.492611291011159,0.7660874,1
0.051318917910894345,0.66662824,1
1.0,1.0000002,1
0.05811371887715845,0.58759815,1
1.0000000000000002,1.0,1
0.011660976085420393,0.3972416,1
0.009217011948138542,0.51449764,1
1.0,1.0,1
0.009007555438882748,0.565318,1
0.00988306408055136,0.59592074,1
0.43022798564831544,0.84452164,1
0.3878173115539836,0.80406594,1
1.0000000000000002,1.0000002,1
0.0098914921872052,0.51568764,1
0.5681190040193667,0.7459519,1
0.04774488011497501,0.6080852,1
0.04899669219742903,0.65680355,1
0.04774488011497501,0.5698757,1
0.009549032847217517,0.49350196,1
1.0,1.0,1
0.4344217045287624,0.8093395,1
1.0,0.99999976,1
1.0,0.99999976,1
0.3580897114280114,0.83841765,1
1.0,0.9999998,1
1.0,0.9999998,1
1.0,0.9999998,1
0.5527655720588864,0.7764227,1
1.0,1.0,1
0.009578265701837105,0.5565412,1
0.009860374024112117,0.5405235,1
0.5949432496588254,0.80127907,1
0.010448413993562097,0.6859228,1
0.011630714431129948,0.445351,1
1.0000000000000002,1.0000001,1
1.0000000000000002,1.0000001,1
1.0000000000000002,1.0000002,1
0.6024181687135071,0.6791167,1
0.35762410660951677,0.6672492,1
1.0,1.0,1
0.010189875127218029,0.39376345,1
0.060877336103824925,0.486496,1
0.6032472944983784,0.8691223,1
0.3683421296545545,0.717114,1
0.36707717995109723,0.754359,1
0.39149623626619723,0.8161333,1
0.535462462228479,0.72730803,1
0.6181063709956132,0.8086268,1
0.5595159301092465,0.755224,1
1.0000000000000002,1.0,1
1.0000000000000002,1.0,1
0.009590291447421974,0.59834707,1
0.050491225428896,0.7615211,1
0.050491225428896,0.54523236,1
0.010426383344689025,0.51556563,1
0.5681665935512568,0.6404474,1
0.5292858251057693,0.6474111,1
1.0000000000000002,0.99999994,1
0.011391087625436096,0.6728961,1
1.0000000000000002,0.99999994,1
0.5987983064760569,0.784004,1
0.6290106410280961,0.63499707,1
0.5922158973540345,0.76239616,1
1.0,1.0000001,1
0.5357599457880275,0.72194195,1
0.5631046434704805,0.734553,1
0.010959672798885128,0.5674949,1
0.010151003949030582,0.5775643,1
1.0000000000000002,1.0,1
0.6025201352923892,0.9076582,1
0.6654893615224164,0.89384025,1
0.33963750648621316,0.77774805,1
0.4391980829265628,0.8932495,1
1.0000000000000002,0.99999994,1
0.06060662942541402,0.58305985,1
1.0000000000000002,1.0000001,1
1.0000000000000002,1.0000001,1
0.011312998021422448,0.41097966,1
1.0000000000000002,1.0,1
0.05828388772201992,0.66719455,1
1.0000000000000002,1.0,1
1.0,1.0000001,1
0.011004349018208895,0.5834568,1
0.6342760876767666,0.6567007,1
0.5626749543956694,0.75624835,1
0.42247633984956956,0.8377981,1
1.0000000000000002,1.0000001,1
0.3453077214823104,0.68786716,1
0.3445316167673045,0.593175,1
0.5699092909383945,0.79816914,1
0.5355188162331107,0.7320362,1
0.05316046586705765,0.6955569,1
0.010048469532594658,0.6248001,1
0.3743647995309239,0.6408705,1
0.6131132140754154,0.86896884,1
0.3738959762515594,0.68760055,1
0.00929078311821747,0.5613351,1
0.009160944652216046,0.6077375,1
0.5102106652901033,0.7373118,1
0.00960173985135396,0.57326317,1
0.009852051344611042,0.78640795,1
0.6253274418586972,0.77381825,1
0.47648219619497517,0.74349284,1
0.04774488011497501,0.5131502,1
0.5531926651092902,0.69537926,1
1.0000000000000002,0.9999999,1
0.5444051947588028,0.7957434,1
0.4079680930017478,0.78232855,1
0.00915894378623278,0.5961412,1
0.4093819781320512,0.78595376,1
0.010069321205567415,0.53095186,1
0.01039199862786588,0.5944673,1
1.0000000000000002,1.0,1
0.40456093490024675,0.76547766,1
0.4315993872978317,0.85575706,1
0.4315993872978317,0.8582564,1
0.3865499691517994,0.83420944,1
0.44377324845750077,0.7706578,1
1.0,1.0,1
0.0556499615919136,0.4945202,1
0.5681138770541743,0.8036518,1
0.4777050575734306,0.79106516,1
1.0,1.0,1
0.053266750917372443,0.64095265,1
1.0,0.9999998,1
0.4101760071291523,0.8278426,1
0.5571565930299927,0.82317734,1
0.584744500788173,0.7624919,1
0.34280504693443437,0.61652875,1
1.0000000000000002,1.0000001,1
0.01049606337566849,0.4234115,1
0.3445316167673045,0.7014684,1
0.5376932575485963,0.73423135,1
0.6054728371838479,0.8534552,1
0.48977707612992344,0.82777727,1
0.4232683026814346,0.74775773,1
0.37883353756976185,0.70433646,1
0.4232683026814346,0.72311425,1
1.0,1.0,1
0.3873500726660259,0.71728665,1
1.0,1.0,1
0.5926868464267055,0.81452066,1
0.5757415064081655,0.8157345,1
1.0,1.0000002,1
0.45969957257449123,0.6979983,1
1.0,1.0000001,1
0.5158500049250199,0.815197,1
0.06016740331756842,0.4909469,1
0.3815305090861651,0.6913689,1
0.0571747126382259,0.6468543,1
0.492611291011159,0.6886035,1
0.5607416063804097,0.6410234,1
0.4793790192587818,0.8114863,1
1.0,1.0,1
1.0,1.0,1
0.512502063278311,0.7247894,1
0.06440007143150031,0.65581954,1
0.65971254386916,0.8939627,1
0.06485070663814457,0.66904086,1
1.0000000000000002,1.0000002,1
1.0000000000000002,1.0000002,1
0.011245563495047692,0.5299682,1
0.4945863908089548,0.78102803,1
0.47929372720107943,0.83859503,1
0.5189764111416545,0.7113434,1
1.0,1.0,1
1.0,1.0,1
0.010321778002394246,0.58160776,1
1.0,1.0000002,1
0.5591926635070124,0.8117908,1
1.0,1.0000002,1
0.6082657508604775,0.80372846,1
0.4639769696320337,0.9126881,1
0.009683564460797465,0.7031635,1
0.42934834731071025,0.71393967,1
0.5189185780382122,0.82164174,1
0.5189185780382122,0.8828016,1
0.4291881006554859,0.8530402,1
0.052180130629946836,0.4757663,1
1.0,1.0000001,1
0.5521165725139525,0.7578575,1
0.05796910202460866,0.51668096,1
0.420872987196145,0.74091345,1
0.4204354354083682,0.82990813,1
0.4217653380905893,0.8613447,1
1.0,1.0,1
1.0,1.0000002,1
1.0,1.0000002,1
0.6105921926011711,0.87030995,1
0.43904285650070174,0.76939106,1
0.6252354387671567,0.8888614,1
1.0,1.0000001,1
0.010738920186331062,0.62154275,1
0.5793380956517575,0.73931825,1
0.44377324845750077,0.8746475,1
0.492611291011159,0.6801081,1
0.009597506014152364,0.6174356,1
0.5250918667608073,0.6927868,1
0.01033781623663808,0.52292657,1
0.5067388314413287,0.7564328,1
0.5250918667608073,0.76456547,1
1.0,1.0,1
0.010760686451954403,0.6100552,1
0.4344217045287624,0.8213619,1
1.0000000000000002,1.0000001,1
0.05764833560449581,0.46866655,1
0.3444460612288153,0.72628677,1
1.0,1.0,1
0.5994317954483822,0.85442317,1
0.5994317954483822,0.9360168,1
0.5384839483304282,0.79455626,1
0.5552113789674794,0.80256104,1
1.0000000000000004,1.0000001,1
0.5320780751625438,0.8004491,1
0.5519650339652993,0.8451128,1
1.0,1.0,1
0.009537539533716343,0.44930372,1
0.00956517893446919,0.46311182,1
1.0,1.0000001,1
0.3389529056788304,0.7034639,1
0.010540718599700773,0.34342825,1
0.011032779927936585,0.5254308,1
1.0,1.0,1
0.352981099667172,0.6897639,1
0.6342760876767665,0.67642474,1
1.0,1.0,1
1.0,1.0,1
1.0,1.0,1
1.0,1.0000002,1
0.33914059999423707,0.8187647,1
0.061476310256394426,0.5446191,1
0.009841318735369555,0.6429471,1
0.6111853592246163,0.76243967,1
0.3670236353033217,0.7297836,1
0.010016016525520826,0.6055534,1
0.3490484747258079,0.7018603,1
0.3494951344148293,0.7456817,1
0.06017389240358104,0.52559924,1
0.011424911210163754,0.5845522,1
1.0,1.0000001,1
0.010363700151182787,0.5295327,1
1.0,1.0,1
0.38868032446510786,0.816563,1
0.06285784969940489,0.5543866,1
0.5933065822283694,0.8740764,1
0.5799600028866844,0.68841356,1
1.0,0.9999999,1
0.010762287840435746,0.39496046,1
0.4000273201591525,0.75781846,1
0.35377623800115165,0.7464037,1
0.5516606283326009,0.68810815,1
1.0000000000000002,1.0,1
1.0000000000000002,1.0,1
0.05771966005040376,0.6323387,1
1.0000000000000002,1.0,1
1.0000000000000002,1.0000001,1
0.5837280862061076,0.8035201,1
0.5101957293043221,0.7772059,1
0.5732616896095243,0.8418074,1
1.0,0.99999976,1
1.0,0.99999976,1
0.009133853898356002,0.48485076,1
0.45891773190190327,0.62371385,1
0.009161307516667742,0.48498133,1
0.059837112162466816,0.6791632,1
1.0000000000000002,1.0,1
0.5244567433660314,0.78291714,1
0.5530372913190713,0.76946294,1
1.0,1.0,1
1.0,1.0,1
0.4945863908089548,0.87369627,1
0.009143586395813325,0.5406309,1
0.010237517204838826,0.5812961,1
0.04613664426420176,0.6301827,1
1.0,1.0000001,1
0.009244274190147065,0.5062456,1
0.010966373252514846,0.52127165,1
0.009617139325131592,0.5798089,1
0.05770327350121111,0.5199897,1
0.44909393593572533,0.84310275,1
1.0,1.0,1
0.5335676741512917,0.80198425,1
0.36722185824998266,0.71543777,1
1.0000000000000002,1.0,1
0.36722185824998266,0.73164356,1
1.0,0.99999994,1
1.0,0.99999994,1
0.010206464480244237,0.74928665,1
0.5304689629371351,0.69371426,1
0.44522364008708304,0.74788356,1
0.5567979058229288,0.78750587,1
1.0000000000000002,1.0000002,1
0.6025201352923892,0.7057928,1
0.05232859015873912,0.48646304,1
0.34321305499336396,0.8151247,1
0.009878485998009197,0.62399673,1
0.3940455406736462,0.79875827,1
1.0000000000000004,1.0000001,1
0.6064793779504501,0.7055955,1
1.0000000000000004,1.0000001,1
0.35377623800115165,0.59991086,1
0.5956296942562872,0.6966058,1
0.5675181506521141,0.90510774,1
0.011211333395865553,0.43744692,0
0.01003653818851203,0.5712378,0
0.05597205352290474,0.58784544,0
0.05915119250255183,0.49111634,0
0.009931005313928364,0.58518344,0
0.010898771227198935,0.6366556,0
0.012080930427095859,0.3712995,0
0.05039139514140921,0.66357416,0
0.010899495063856717,0.7191161,0
0.05677512626579,0.53235304,0
0.00955133780422483,0.45601118,0
0.010084007918214481,0.6268347,0
0.049900520023788815,0.6208377,0
0.05538191975256402,0.6492257,0
0.010038393672083281,0.3735231,0
0.011240269358544686,0.63545847,0
0.061009459796758224,0.7119188,0
0.057591487732067057,0.52659976,0
0.06447018416073473,0.5441812,0
0.011310404807966865,0.40884474,0
0.009365346004955425,0.6270624,0
0.052062931519486086,0.639313,0
0.010365131864518684,0.66599226,0
0.011626110472581996,0.46191412,0
0.01146528280281006,0.51835585,0
0.010940058944972486,0.5888954,0
0.01006467197931773,0.66513634,0
0.010297997541101585,0.5496336,0
0.010294239800291973,0.3608209,0
0.01044192514117366,0.54953134,0
0.00997441538762537,0.73800004,0
0.010749739101342285,0.57987416,0
0.05503797721080822,0.52184963,0
0.011238017186382539,0.47849774,0
0.01007780702833867,0.60291606,0
0.011809761616878666,0.5809027,0
0.06104443140584984,0.67530495,0
0.05565112167776236,0.61885154,0
0.008926892501182504,0.56393445,0
0.06548715920879844,0.659202,0
0.05721346257791808,0.48626316,0
0.05651123301279112,0.5973444,0
0.06353365833571784,0.58715963,0
0.009997744668882709,0.534865,0
0.049154180046344496,0.517527,0
0.010772421455662708,0.48904204,0
0.050202669688922605,0.46416894,0
0.008978936826131939,0.36581206,0
0.055005943556987555,0.51626897,0
0.011246956844176901,0.6894478,0
0.011274318510307264,0.62691927,0
0.010631676815202488,0.6108774,0
0.009723837987658808,0.48265168,0
0.010332401884566288,0.50627303,0
0.0625745506412187,0.5547671,0
0.010693900680080312,0.53892285,0
0.01089917653760602,0.5963589,0
0.011614107095328136,0.5055424,0
0.010991156199679582,0.6198685,0
0.010273607910838336,0.54162866,0
0.010430340074072142,0.55747247,0
0.06232872458427991,0.6003926,0
0.054191301105526765,0.428899,0
0.053036132234762334,0.507483,0
0.06234659741747893,0.5202805,0
0.010911186092717712,0.53838825,0
0.05551166762904185,0.6352012,0
0.058085287491153895,0.5979282,0
0.009586771670338032,0.4747247,0
0.009549032847217517,0.2626534,0
0.058446236405870294,0.57035595,0
0.053950197300283165,0.50806284,0
0.06735033336529046,0.66626894,0
0.057823182453220975,0.63511664,0
0.009924981500711269,0.5864961,0
0.05200548958136203,0.60211134,0
0.011191704693577756,0.43701306,0
0.059631636514980775,0.45294857,0
0.05396676988061228,0.50965714,0
0.00966917337476105,0.5226671,0
0.06309904376041962,0.6855441,0
0.010090752134049663,0.49154684,0
0.011649407658716438,0.52028084,0
0.010732544074425138,0.6175826,0
0.050929353413055656,0.43568194,0
0.05397489864280537,0.54047555,0
0.04810114902805182,0.60787034,0
0.012405372665254691,0.5833511,0
0.010216986348473867,0.5258207,0
0.009944649485384044,0.5102142,0
0.011407183588182863,0.62826085,0
0.05917072039903876,0.5581569,0
0.01009802680504227,0.34637195,0
0.01159431331372892,0.510296,0
0.011584696436588129,0.6218734,0
0.061061497289510505,0.56314546,0
0.011368657421344167,0.55310273,0
0.011262791575434765,0.5756662,0
0.010872268683539325,0.529142,0
0.052827805371767705,0.43582392,0
0.011280563136232458,0.56571823,0
0.06144758403940813,0.79115003,0
0.010220228153250284,0.40980422,0
0.057805873253556114,0.58225024,0
0.011067369238595779,0.400405,0
0.01174022584130001,0.7142537,0
0.010053666956629294,0.51503277,0
0.055537458463217663,0.57599294,0
0.01081757598395156,0.6704182,0
0.009783731001790778,0.5735874,0
0.009443728169871794,0.5162182,0
0.06306917484177098,0.5277969,0
0.055537458463217663,0.6177664,0
0.01062489438246965,0.47675675,0
0.05655848149232204,0.64952093,0
0.010910609499001956,0.6900058,0
0.010053243481739816,0.594428,0
0.06495160564206179,0.69001603,0
0.011618868122622245,0.53506565,0
0.06040842197861537,0.5292043,0
0.05736916258260613,0.5855353,0
0.011131484114576894,0.5851197,0
0.010901560629906704,0.58184475,0
0.057369162582606124,0.7639828,0
0.010703127041559238,0.48137125,0
0.011582515584451754,0.5840355,0
0.04998842587236752,0.51003826,0
0.011793364280455049,0.46511596,0
0.01089666705450181,0.71242636,0
0.06376927568650187,0.43870342,0
0.011465193785202771,0.653524,0
0.010842967190121771,0.5307936,0
0.050945434180483744,0.61302865,0
0.011877645958321267,0.5160766,0
0.009936004463743238,0.50216055,0
0.01040358477051585,0.5946834,0
0.05260534445699924,0.61240655,0
0.011989979442733044,0.63507605,0
0.009676618912842319,0.47653413,0
0.009982434463332579,0.49799812,0
0.05830425366435143,0.61406195,0
0.053137390163225,0.66285914,0
0.053500889265232734,0.7065677,0
0.011422489922021325,0.50865024,0
0.011562653247301572,0.37177068,0
0.011086540055607953,0.5390973,0
0.010211351778995428,0.63812065,0
0.00946246622005512,0.54703677,0
0.01051658391425978,0.63388187,0
0.01030152755377431,0.43444026,0
0.05335980560357361,0.60805595,0
0.010573585548702826,0.55443484,0
0.010543651306162428,0.6243664,0
0.05575276126012344,0.4252789,0
0.011047598507939984,0.55230665,0
0.060069799676671816,0.48354632,0
0.010682488081682678,0.5493156,0
0.010084888186307555,0.54114413,0
0.01187386496883542,0.5388409,0
0.04898651667537964,0.62630445,0
0.06102544776405105,0.6407635,0
0.055187363009244005,0.6091926,0
0.04775640483143009,0.41824713,0
0.010461137035714402,0.72068083,0
0.010197036215195682,0.49310717,0
0.06170149844744791,0.6893423,0
0.06222132804119,0.59792763,0
0.010873097083517023,0.6248528,0
0.01033517458654364,0.39947715,0
0.0109741829770226,0.5841489,0
0.010211351778995428,0.6123931,0
0.010879200510601799,0.4718282,0
0.056889528246967885,0.6442198,0
0.010166174866503628,0.5348465,0
0.011891147148920556,0.5027951,0
0.010694064598557812,0.45793033,0
0.009495013533428472,0.54041976,0
0.055982273469799254,0.63543344,0
0.010833013005329666,0.54119694,0
0.011385712854658388,0.54169214,0
0.010909290434319666,0.48201734,0
0.057439055713714195,0.56944406,0
0.012509854422237163,0.6978494,0
0.010346578739901698,0.40997264,0
0.011933848085286226,0.53495985,0
0.010086378737789158,0.670224,0
0.010342468958500198,0.54038936,0
0.00956517893446919,0.47965056,0
0.06275515697416463,0.5375983,0
0.01226202839281544,0.4885309,0
0.05347472141717303,0.49510753,0
0.012010218492252502,0.5830213,0
0.010889619969521664,0.47605282,0
0.01251110367443952,0.5636902,0
0.009408673181969746,0.57202685,0
0.06233397090540096,0.5781321,0
0.055744506769097465,0.54672915,0
0.06091799170023124,0.6549607,0
0.010753984739739859,0.48523796,0
0.010198542156531216,0.45976654,0
0.05208953808854562,0.7031387,0
0.010629034308780184,0.4536448,0
0.051232042306763675,0.6059484,0
0.05751026836869872,0.65977275,0
0.010595384476207862,0.5894653,0
0.05651123301279112,0.5944841,0
0.010674819303304793,0.35460714,0
0.011731699672026561,0.54506737,0
0.05172315125846718,0.6454825,0
0.009407429929129008,0.55721897,0
0.010141711941795879,0.51503617,0
0.011026136206912172,0.55952007,0
0.05891732745215858,0.6334337,0
0.010856004853602691,0.5731659,0
0.009225890326559067,0.3995251,0
0.011013789882633162,0.4069613,0
0.059949614599595774,0.57391846,0
0.05516767198064328,0.50354004,0
0.01159330395629798,0.6142344,0
0.06099995824874361,0.6059569,0
0.011641348467148703,0.58182395,0
0.010218215247201562,0.435921,0
0.010881217776878137,0.6889219,0
0.009744948502640984,0.49921614,0
0.010937376370627751,0.7274752,0
0.010891204803797601,0.44147235,0
0.00956517893446919,0.4989595,0
0.010609277918500293,0.44326866,0
0.011020566246952338,0.5598512,0
0.05652576359947353,0.4532316,0
0.012744142566916703,0.49500126,0
0.01047686998875824,0.4430977,0
0.010533790155041555,0.71551687,0
0.009414238751065125,0.48264432,0
0.012538037783172062,0.55983555,0
0.010633294954966854,0.62658495,0
0.010596991729578165,0.5057999,0
0.010700280258973358,0.43982238,0
0.06306917484177098,0.50087535,0
0.05636607605301048,0.53296894,0
0.009725994202538309,0.39566523,0
0.009143049544815282,0.6205703,0
0.04810596667789862,0.5327232,0
0.010570981196219787,0.6404836,0
0.00929078311821747,0.39036775,0
0.010986993057199829,0.5428001,0
0.0104282440183075,0.5571039,0
0.012424376760589,0.5126372,0
0.011324011455929994,0.6009983,0
0.055395287906811114,0.5625631,0
0.010140412527258398,0.5213623,0
0.010891204803797601,0.5142263,0
0.011531219422117918,0.609658,0
0.010842112836821854,0.5975749,0
0.060170731062899024,0.58565164,0
0.05859048663512555,0.5767835,0
0.011226880795018983,0.37741655,0
0.05778412291426449,0.52316636,0
0.010072869297067981,0.5698619,0
0.009216070224220897,0.46177822,0
0.010667913941310612,0.5812258,0
0.010885240449857489,0.5823001,0
0.009972776405274329,0.5214169,0
0.011359947858718272,0.7316197,0
0.01021790613069094,0.5196936,0
0.010544517884648741,0.47179133,0
0.011208140643883214,0.57934797,0
0.01117289934465301,0.5329949,0
0.010613453743401335,0.60864455,0
0.009799318376073346,0.4626982,0
0.06157234369684775,0.5457511,0
0.011290467063288907,0.5664624,0
0.013024595384825753,0.602952,0
0.06139208650378752,0.58943677,0
0.010225904975710876,0.5253828,0
0.011255557767929738,0.5219231,0
0.010592844244845988,0.55950606,0
0.010759198325223566,0.49714217,0
0.011606800022682747,0.45690173,0
0.009927759330410886,0.5548877,0
0.3984366725343123,0.68142074,0
0.010736254099311485,0.595667,0
0.010408072186985917,0.538237,0
0.011190466233258629,0.488918,0
0.05992279276410346,0.7101917,0
0.009908003606300302,0.42669758,0
0.010736254099311485,0.5829681,0
0.011037206307289809,0.6710322,0
0.010156741330596863,0.5888479,0
0.0582585356501265,0.39534187,0
0.010055875637668198,0.5105902,0
0.011846219998399337,0.5948181,0
0.010458090976400243,0.3765344,0
0.05279886382071991,0.58887804,0
0.010022003594601278,0.5699892,0
0.012502896087969602,0.55010444,0
0.011692279497086594,0.7215847,0
0.011253997970723404,0.42941707,0
0.010427313350714004,0.4660694,0
0.011580552112445151,0.55230826,0
0.05763079515230256,0.4766304,0
0.01098056121252906,0.63784623,0
0.011421680558804667,0.34631166,0
0.05780192130100205,0.64073247,0
0.065665792043881,0.5227866,0
0.05776093169000554,0.718892,0
0.008995372479208095,0.5306822,0
0.06467506418316629,0.58161026,0
0.0581934919896276,0.5799606,0
0.010822510504562313,0.619558,0
0.010056210776873648,0.51454806,0
0.011518861254568044,0.6279628,0
0.06255119560617485,0.45674556,0
0.06343586524011563,0.6057985,0
0.009931718101944287,0.46453673,0
0.011291234843745493,0.53377414,0
0.011859964856785333,0.6179564,0
0.009573650385270522,0.5431515,0
0.009783252481379104,0.5336373,0
0.01037006829998038,0.5084836,0
0.052823509606575954,0.51986516,0
0.009609494855024412,0.55042267,0
0.04703686973777367,0.4978591,0
0.0579684324849532,0.5635841,0
0.010325926342506439,0.5681898,0
0.009940273402751373,0.5566522,0
0.06113946631400206,0.52254826,0
0.054786344219944764,0.58676153,0
0.010109343348183496,0.5348481,0
0.012058196021933575,0.6298708,0
0.010930000717170756,0.43500617,0
0.009743970813053197,0.5865009,0
0.011043103208236708,0.5649658,0
0.010394016110487734,0.45934808,0
0.00932993395171919,0.6345835,0
0.01015148883830984,0.72895944,0
0.011300750552774925,0.5205687,0
0.010589776631205175,0.4993876,0
0.010291541404999162,0.47904012,0
0.010982409630457416,0.5631832,0
0.010382917070848766,0.54064035,0
0.010700280258973358,0.48817486,0
0.012575932492308987,0.54131496,0
0.01177599894455175,0.46967876,0
0.011182584536626511,0.71831083,0
0.010199387748815942,0.49875838,0
0.056830640651348366,0.656125,0
0.011949925708934842,0.54945445,0
0.011240350272642124,0.5677632,0
0.011228756016715812,0.5134778,0
0.04613664426420176,0.60974467,0
0.011244594301123966,0.5448705,0
0.012605873444894375,0.5984192,0
0.011052370926402065,0.49203396,0
0.061989025966573894,0.5760271,0
0.012097698090807203,0.61378455,0
0.06254173975820776,0.51737434,0
0.011800856800395311,0.46229294,0
0.06083671314237519,0.60517657,0
0.009830979070542993,0.33093715,0
0.010719775744616992,0.6912066,0
0.011153147510933657,0.5192623,0
0.010062650210821403,0.6358739,0
0.011344308333805047,0.6390691,0
0.010059344336486784,0.5766766,0
0.0642985505472571,0.6479205,0
0.01069682312614836,0.43662393,0
0.009308666552852793,0.55118746,0
0.01101902741911577,0.62213826,0
0.010343890057606268,0.5415931,0
0.01098817906347468,0.43487024,0
0.05595572196340114,0.6245192,0
0.009396589181778736,0.55694747,0
0.010840628697532946,0.46812722,0
0.0626515603495592,0.6369277,0
0.06508459020192077,0.6317276,0
0.06551607556016498,0.5586313,0
0.010908654492675385,0.44078654,0
0.01017740257067343,0.53338456,0
0.054576731019525454,0.59570074,0
0.01044192514117366,0.55278903,0
0.010341527958349124,0.4393313,0
0.00993813211994393,0.39954877,0
0.059907833360891984,0.6181103,0
0.012422174283521019,0.6226999,0
0.0505110849310617,0.7173568,0
0.04968080470148903,0.51115084,0
0.01015638407333655,0.609307,0
0.01059725893370043,0.51581657,0
0.011165910793575996,0.5099002,0
0.06650398961924274,0.57109,0
0.011546619076826123,0.7049469,0
0.01010659552760533,0.49521822,0
0.05630263134771986,0.46840793,0
0.010926462218991352,0.7292405,0
0.01232024079830505,0.57501924,0
0.009657692298045506,0.46635404,0
0.011472560980883836,0.40385854,0
0.009946606266886565,0.5620077,0
0.010508270069736786,0.64272535,0
0.011441247306544866,0.5546298,0
0.055959480370561365,0.6181778,0
0.011028466381399607,0.5335455,0
0.01207103919783128,0.666421,0
0.053500889265232734,0.2187486,0
0.011262048183313592,0.5414274,0
0.01118286850477699,0.7233108,0
0.012163056510799792,0.5155065,0
0.010206464480244237,0.57715815,0
0.05090203052262116,0.61391854,0
0.06076424325902731,0.4989442,0
0.010265225266338125,0.4763227,0
0.009586771670338032,0.570633,0
0.04898651667537964,0.50961316,0
0.06059982966177702,0.39746237,0
0.010374648770853107,0.42324752,0
0.06222132804119,0.59792763,0
0.008740690796773734,0.4799446,0
0.011439412451427914,0.54009265,0
0.010353541520715747,0.66148525,0
0.061086290942175034,0.56354254,0
0.010531846301334035,0.66421527,0
0.011525533922928231,0.5087198,0
0.0527988638207199,0.6264334,0
0.011981749884705763,0.48044267,0
0.010407563689018651,0.5026673,0
0.010977266366382913,0.42189705,0
0.010727622967643086,0.4901021,0
0.0609594327443173,0.56863034,0
0.010807080356084348,0.4800835,0
0.010665071564025694,0.5914593,0
0.010505742895841295,0.6684989,0
0.009882677655180895,0.42137688,0
0.04968080470148903,0.60050994,0
0.05319875014742817,0.33059698,0
0.06264849104579683,0.5461675,0
0.012163056510799792,0.5155065,0
0.011678187402207565,0.49982983,0
0.009566512042597636,0.54963434,0
0.060069799676671816,0.5645999,0
0.010307059603697384,0.60295314,0
0.009799856645298921,0.4922179,0
0.053211591325576214,0.7256269,0
0.04898651667537964,0.5426862,0
0.01023342540182203,0.43236905,0
0.05777344300606031,0.5246215,0
0.01005529214300103,0.6358473,0
0.009007555438882748,0.58795005,0
0.010761464372067325,0.65555435,0
0.010836486771368515,0.55324656,0
0.04899669219742903,0.5655253,0
0.054979166461368655,0.51937014,0
0.0706870825986572,0.6414172,0
0.010463519764677931,0.54946065,0
0.06587375582931945,0.4890852,0
0.012762359287385686,0.59480315,0
0.0572356385645037,0.599414,0
0.010850269584283147,0.5456426,0
0.01063105902593731,0.4948331,0
0.0568094408611487,0.46955556,0
0.04968080470148903,0.5700704,0
0.011703870466657438,0.54377466,0
0.012008620416575525,0.5357424,0
0.06571952144240502,0.56199384,0
0.010495578698463084,0.6454605,0
0.00962760389186729,0.641325,0
0.00946246622005512,0.524552,0
0.05224535992539614,0.48311502,0
0.010337847104879672,0.5014056,0
0.009908003606300302,0.5865058,0
0.010349121961189903,0.51393914,0
0.010926587886219105,0.6505797,0
0.058723259561876434,0.4874844,0
0.011088542280850676,0.4492066,0
0.061339616319016375,0.6597979,0
0.011593024804439887,0.47613478,0
0.05656564423202107,0.6620003,0
0.012280489830837007,0.45603985,0
0.06078759964157943,0.604493,0
0.010271880426515714,0.6343794,0
0.053376684928174975,0.59827125,0
0.010741092514696878,0.67348146,0
0.009227383762998961,0.48496965,0
0.010203672255938847,0.54111624,0
0.010773889088741568,0.5262599,0
0.010769528489933174,0.42557025,0
0.0098914921872052,0.56438917,0
0.010401109316553792,0.59301,0
0.05537759844558081,0.57835704,0
0.06320633633801527,0.5644142,0
0.009578265701837105,0.49936688,0
0.0663938083933334,0.6375171,0
0.05437309793579248,0.66004056,0
0.010966899127409743,0.31329858,0
0.011395046339275688,0.54050183,0
0.012232905278263966,0.5200259,0
0.010798996859537936,0.5920083,0
0.05462815399218955,0.59216857,0
0.009537539533716343,0.6306374,0
0.06391087089515046,0.5367093,0
0.010641646425904486,0.59294957,0
0.009815120057493491,0.51687,0
0.010508146002507594,0.6493592,0
0.05824658469325304,0.46322918,0
0.012588897803764383,0.64333934,0
0.05585229144222769,0.45320883,0
0.010170336992961352,0.57170415,0
0.010539731049814866,0.48307872,0
0.06605706607391759,0.66321635,0
0.010690060106187912,0.5459908,0
0.01098895886442532,0.4922185,0
0.05472814231424922,0.6481966,0
0.05674359783357992,0.5314202,0
0.011249164182479652,0.29665992,0
0.010069321205567415,0.635258,0
0.011230736376241814,0.4551737,0
0.01143534069909549,0.5987528,0
0.05590146050189948,0.6802944,0
0.0672198997728718,0.67322373,0
0.009975675027416723,0.53432524,0
0.00953755141075906,0.5817806,0
0.00927267776197146,0.4052978,0
0.01017346064350938,0.5665419,0
0.010566351835392352,0.55124885,0
0.0108866941953924,0.65058494,0
0.009518541379486219,0.51811934,0
0.010729718202746766,0.3667623,0
0.011871043516603846,0.6329249,0
0.011007398965463398,0.541891,0
0.010587238283900053,0.47635758,0
0.00994982699493957,0.45567334,0
0.057595478785556806,0.682652,0
0.011891672277661044,0.45074645,0
0.010717629092901033,0.5111832,0
0.05090203052262116,0.5864709,0
0.066585718729978,0.4387105,0
0.009291444436434813,0.4134412,0
0.010478366029723669,0.49809018,0
0.011149958721407515,0.50289595,0
0.00995754616156193,0.55330586,0
0.05210249737478802,0.4929399,0
0.06279438846750865,0.72139275,0
0.010392623455724385,0.5184654,0
0.011020977219719605,0.6703291,0
0.0109091171578009,0.58991754,0
0.010302277183482741,0.54205406,0
0.05976641650124982,0.64497924,0
0.010790237378928863,0.54403067,0
0.011262763784148436,0.52354604,0
0.054551667986530314,0.5166408,0
0.010822510504562313,0.50348866,0
0.0618491914206681,0.5840909,0
0.010835880418878686,0.4993245,0
0.0567617477871491,0.55061895,0
0.01170248827655725,0.71109897,0
0.05166911711202841,0.66125226,0
0.010605043089263402,0.5709729,0
0.062391584829717406,0.5510843,0
0.00932993395171919,0.6354093,0
0.04960575152378667,0.6692176,0
0.05541118130365906,0.55902934,0
0.056892934606331116,0.50752705,0
0.060152492117808515,0.7208568,0
0.010842967190121771,0.5625785,0
0.011383738183650979,0.5305064,0
0.054146898282209206,0.5556531,0
0.05443514267645643,0.56089985,0
0.053566797501349635,0.5992594,0
0.009724999367575916,0.47936675,0
0.009861424158039598,0.67125887,0
0.010195760729243365,0.5133277,0
0.05693655545817526,0.60392845,0
0.009711034586240074,0.7236928,0
0.011755544516673877,0.545658,0
0.010069321205567415,0.6565591,0
0.010565239620588128,0.580776,0
0.010666359117985897,0.5604415,0
0.01065604698336906,0.54099756,0
0.011533089366327971,0.5432187,0
0.05002268024893452,0.7148029,0
0.011074345033024144,0.638354,0
0.06351049718825216,0.5885954,0
0.00854205868117295,0.53055775,0
0.010628510241642762,0.55002844,0
0.011226871810147641,0.4992332,0
0.011458611244281242,0.38740936,0
0.010138592648145057,0.5229913,0
0.010848701955917103,0.63430405,0
0.009462466220055117,0.60847723,0
0.009501296086466765,0.66425157,0
0.0108691719684406,0.54234004,0
0.009842082237316219,0.6191665,0
0.010561811975194171,0.6067765,0
0.011630474591027591,0.51007813,0
0.009736759460204886,0.67273796,0
0.056912464043068545,0.5023318,0
0.0642565351358909,0.5124725,0
0.05987860318627086,0.57686716,0
0.05764483359367949,0.6581502,0
0.05725019906734631,0.4418051,0
0.01062058259866071,0.49061927,0
0.05745715121358078,0.6416235,0
0.010409833419827527,0.5966066,0
0.01047362501097869,0.59183735,0
0.01029985682356753,0.4761292,0
0.05200548958136203,0.41137308,0
0.011525802939870851,0.57697445,0
0.009962161312158215,0.5085078,0
0.06195654034711812,0.57381845,0
0.05369704447787008,0.57900345,0
0.011251671032765805,0.63487864,0
0.010797779759808904,0.6428214,0
0.010787426124424418,0.7289623,0
0.01033781623663808,0.6116829,0
0.05674359783357992,0.61873376,0
0.01149579951035693,0.63916403,0
0.012069551815425541,0.46848056,0
0.009568745243227712,0.61175096,0
0.011822963982680658,0.48625582,0
0.010552458056897878,0.5815901,0
0.010424854983658041,0.56036484,0
0.010309282065261549,0.4950795,0
0.009996329271530317,0.6318717,0
0.009751632761935178,0.42870092,0
0.06412402143688932,0.30613977,0
0.00957156929678766,0.5200941,0
0.05516767198064328,0.7228281,0
0.012152860580441084,0.47885782,0
0.011979497054123716,0.56442773,0
0.05788198099849369,0.4870889,0
0.010287601882635368,0.5258863,0
0.010326312040612195,0.54624796,0
0.009543757444456671,0.664785,0
0.053036132234762334,0.48899674,0
0.009301549805825007,0.48671955,0
0.011510063867931289,0.562371,0
0.011594442267250123,0.6310718,0
0.011240029293354837,0.5040372,0
0.010625776104244455,0.48198426,0
0.06981819415940618,0.7291249,0
0.010837809197847987,0.56281507,0
0.00996977521288267,0.46014985,0
0.05916537873182467,0.5173633,0
0.056172097566598564,0.67298305,0
0.011505040347204053,0.57357746,0
0.05200548958136203,0.51461935,0
0.011019344805120596,0.5222148,0
0.010347448947529592,0.5848154,0
0.008765550516732064,0.44616127,0
0.01178447694433657,0.4192827,0
0.009973283370689453,0.49994913,0
0.010141701864094544,0.3909266,0
0.010591968350500384,0.49745667,0
0.06588655735670376,0.70205975,0
0.010788004655444805,0.4202492,0
0.010583189657117737,0.45470387,0
0.009853593601542747,0.64040893,0
0.010982659922294252,0.6099472,0
0.057049604732601886,0.4933459,0
0.05341463440102484,0.5468826,0
0.06032089854400865,0.6441181,0
0.05120567695911962,0.35469642,0
0.05518197074602689,0.72898966,0
0.011309800722819015,0.46000955,0
0.009414427740662265,0.44319662,0
0.010401605662837671,0.5340961,0
0.05687085225540177,0.5078447,0
0.05596852732244425,0.6727427,0
0.009637342779365017,0.53820777,0
0.011880432730352233,0.33348793,0
0.05660046121300444,0.65906227,0
0.009912749650875498,0.55531543,0
0.010890499529576152,0.39501557,0
0.05693655545817526,0.59542954,0
0.01246412348083658,0.6401972,0
0.05896734765828221,0.6202557,0
0.06412402143688932,0.44733402,0
0.011369422947185629,0.47761664,0
0.04692136094340584,0.6459595,0
0.01014556756683506,0.5268274,0
0.01008757994903847,0.5877923,0
0.01044333421202675,0.4908837,0
0.011163731265833787,0.50565296,0
0.011131570842915895,0.46186808,0
0.010644573195361091,0.5028414,0
0.010306997986538282,0.4565784,0
0.010941973016271022,0.6016211,0
0.011065891196641423,0.4747901,0
0.053950197300283165,0.6408352,0
0.010240967826421345,0.6240377,0
0.009985401649971621,0.66412777,0
0.010249242704572609,0.6131714,0
0.056014071721286904,0.50068986,0
0.011617302877039172,0.371914,0
0.01050351608945466,0.45502007,0
0.0489624954919851,0.50273883,0
0.011255209233920722,0.5171516,0
0.06161045654655467,0.6184742,0
0.011342183282105758,0.643437,0
0.062499358886807924,0.5917926,0
0.011288434635962867,0.4042137,0
0.06430994480374574,0.7106609,0
0.011037293946665328,0.5862938,0
0.012209592313882637,0.48626465,0
0.011135032551484266,0.49613348,0
0.009874152828470754,0.47010934,0
0.06032973820044422,0.75105965,0
0.010322438025741225,0.489887,0
0.0571271512556319,0.62389517,0
0.010809401876645424,0.55266225,0
0.059456844085709136,0.5642191,0
0.011884493023044805,0.4218015,0
0.05417168233177271,0.68423986,0
0.012422174283521019,0.6079139,0
0.009681928303095617,0.60945654,0
0.05226486662572585,0.57207924,0
0.010104537327981552,0.5791942,0
0.011216252885322136,0.33957464,0
0.010243065800061518,0.6112051,0
0.010592013670977382,0.53663814,0
0.00932993395171919,0.6308082,0
0.011226305606779933,0.54592156,0
0.0571549504370408,0.47486335,0
0.009945107887005958,0.57642937,0
0.06001875054566424,0.6194812,0
0.06228920949195648,0.6615734,0
0.011357459207105895,0.41442204,0
0.012568301968531582,0.5073189,0
0.00929521885559799,0.6790366,0
0.055318180638131376,0.48354805,0
0.01055924996616546,0.54616517,0
0.06249133414535918,0.5305121,0
0.06014121935256962,0.5101751,0
0.012058724091632908,0.43557614,0
0.009783252481379104,0.58955956,0
0.011288305195512459,0.5946069,0
0.01144587436906044,0.5771217,0
0.01111143423725115,0.4596415,0
0.010296659079011821,0.6241019,0
0.06045887904387143,0.5073167,0
0.059008088184619625,0.20257056,0
0.009396589181778736,0.5655554,0
0.061231935900959863,0.5339881,0
0.05506780755059876,0.4281186,0
0.0544021611271401,0.5588041,0
0.00987379100029611,0.48158282,0
0.01088299006540219,0.7143196,0
0.0657053316082634,0.73613524,0
0.05545973084409485,0.5451789,0
0.05454511042169706,0.47630468,0
0.009566512042597635,0.54186517,0
0.010521944789048134,0.54422843,0
0.00986180375149307,0.47573087,0
0.010588285680635261,0.6646811,0
0.008969379582830797,0.49549544,0
0.011645758838327946,0.45360005,0
0.055744506769097465,0.61331344,0
0.01055737223029927,0.53696907,0
0.011172283603011167,0.54543287,0
0.05439267150102875,0.6169211,0
0.01059233280419594,0.43514383,0
0.05663570257294933,0.58727944,0
0.011112271026595014,0.42244643,0
0.011409239277252608,0.5667331,0
0.05780192130100205,0.5911083,0
0.012468131705999677,0.69781405,0
0.010727622967643085,0.59621197,0
0.011745045385859654,0.46729195,0
0.012105960910689198,0.5275184,0
0.010584069389642141,0.624694,0
0.010443116058178705,0.6245462,0
0.010822146465536963,0.66600823,0
0.011436424471406978,0.6084002,0
0.06820077266426068,0.6232698,0
0.010012637290546814,0.5464002,0
0.05501317461204258,0.68844277,0
0.010977266366382913,0.4284833,0
0.011565263992058244,0.55951554,0
0.00956517893446919,0.52664536,0
0.012167364618009881,0.48421782,0
0.0527988638207199,0.6287992,0
0.055506152581688256,0.4137239,0
0.01031026050394384,0.5089834,0
0.010290168447436026,0.76319826,0
0.054287042717684975,0.5396489,0
0.011043898250340798,0.5629953,0
0.01029352447339866,0.4375025,0
0.010438150337707746,0.36233634,0
0.011721758281875454,0.6622182,0
0.010974088627496367,0.47230166,0
0.012276824035352704,0.5358685,0
0.009157559368349426,0.59819067,0
0.061707610158065876,0.56305426,0
0.01089918651248162,0.5224701,0
0.01065682835964653,0.45442945,0
0.06622237682820593,0.63946486,0
0.06569838148503981,0.6632983,0
0.011243341121510217,0.60834503,0
0.010626580382187537,0.6202065,0
0.011585701310943122,0.34316874,0
0.011051949001910363,0.66045153,0
0.057073081734961006,0.64333844,0
0.059577850574790356,0.60295427,0
0.054118463613292034,0.4140722,0
0.0627197949593773,0.65361166,0
0.009703839104913431,0.51301384,0
0.011301983091782089,0.42005026,0
0.05674659181807383,0.55033326,0
0.011210012097957602,0.41660836,0
0.011396259460655356,0.47118592,0
0.008926892501182504,0.51178324,0
0.009262807858759053,0.67706907,0
0.0102985959599712,0.51827765,0
0.011537314837574655,0.66472656,0
0.057114583814784424,0.6788099,0
0.05493207823635287,0.67607903,0
0.01193240978555913,0.53516257,0
0.05237724917002057,0.63659275,0
0.056409477422252316,0.5994836,0
0.011092482820107582,0.60100096,0
0.012508329819331457,0.56161153,0
0.058700510341829736,0.54189193,0
0.011003235626925572,0.5631033,0
0.009749840416517304,0.46337304,0
0.05208953808854562,0.47997603,0
0.011531062965175608,0.40039015,0
0.05344837549310352,0.6815323,0
0.012011722749972248,0.5129361,0
0.011025751810247928,0.52275777,0
0.010980015931360101,0.5134691,0
0.01008757994903847,0.66626954,0
0.06352654071607788,0.48385412,0
0.06083622437579072,0.53390193,0
0.011598792452750476,0.58592457,0
0.011043110533073743,0.588411,0
0.01007755507745245,0.61783737,0
0.011113054840487456,0.40952948,0
0.011138746850375154,0.5703753,0
0.01159933441468987,0.5333433,0
0.010473839264096618,0.58850574,0
0.05335980560357361,0.70477754,0
0.011886967558082499,0.54650855,0
0.05887281586660172,0.48456413,0
0.010460207655781052,0.50638354,0
0.012102446646341245,0.6156307,0
0.009227383762998961,0.5199984,0
0.010479969079846609,0.69011974,0
0.05756185812328204,0.7072656,0
0.010669558471722016,0.44679642,0
0.009915305460277874,0.42969355,0
0.06079024225451033,0.55606467,0
0.06323734576741083,0.4553306,0
0.01181146601815066,0.5940183,0
0.01109173548862481,0.4783535,0
0.011653601515181473,0.5110621,0
0.009577876891864663,0.65109724,0
0.009549032847217517,0.6121666,0
0.011064393760945803,0.60456234,0
0.009959317688171722,0.5861968,0
0.010677222315210916,0.4360938,0
0.011353209802486492,0.5997281,0
0.011052471201340883,0.5547188,0
0.010786219198547095,0.5458961,0
0.011679303896279872,0.43957832,0
0.054968289316512556,0.42726773,0
0.01028666299607254,0.52486914,0
0.011270033833682953,0.6339339,0
0.01104783190609065,0.5987938,0
0.06630331765636922,0.5368414,0
0.051671948313710185,0.46925205,0
0.05994850298803945,0.53594005,0
0.011570671822950676,0.49695176,0
0.011447903333538728,0.70045996,0
0.01147403443203527,0.59444785,0
0.05661933019657284,0.63062626,0
0.009139301927994985,0.50004685,0
0.058730860737870226,0.4908347,0
0.05884247180899359,0.61953765,0
0.05572383942504502,0.6142826,0
0.00956700115313367,0.3839047,0
0.010464505862670238,0.6602628,0
0.011922395774999263,0.6237781,0
0.012295006455159706,0.59369767,0
0.05779191820561168,0.69355524,0
0.060913990402569396,0.6574224,0
0.058770878188742354,0.47287259,0
0.06089938634274079,0.6057279,0
0.010323135275385803,0.5955078,0
0.009489636802719977,0.5679753,0
0.009481170460041434,0.5878726,0
0.011882457134309429,0.50597334,0
0.011067209987599523,0.39932758,0
0.01025171667907553,0.43484783,0
0.009621250589554355,0.56118065,0
0.06751954047321836,0.64779127,0
0.0473612085013895,0.49384063,0
0.05392467045569582,0.55156225,0
0.012215031445880141,0.54525685,0
0.06500093377951362,0.5383525,0
0.010940443793583632,0.61380655,0
0.06769634624729086,0.4182911,0
0.010249222134539515,0.57538205,0
0.06146074922513366,0.6192359,0
0.009633242771336589,0.3926072,0
0.05915927104443128,0.76696026,0
0.01064845357209694,0.487699,0
0.011204410434843376,0.5188572,0
0.00929078311821747,0.6085174,0
0.01046451518776843,0.48442954,0
0.010636557867419905,0.49999207,0
0.008978936826131939,0.6312693,0
0.04489441697213572,0.498886,0
0.012046946807871255,0.55927145,0
0.010185423768097134,0.54175496,0
0.011428516581305748,0.577976,0
0.05235842077539271,0.5008116,0
0.009715188779061527,0.60216635,0
0.010910609499001956,0.4679202,0
0.3560393237889758,0.76322937,0
0.010836486771368515,0.62523127,0
0.008909977729311508,0.6499821,0
0.06185296992556777,0.5982441,0
0.05559977966694886,0.50436366,0
0.06241893656665824,0.49748498,0
0.059144467534281694,0.65770894,0
0.010853995846466359,0.49785304,0
0.05811404594876437,0.51277614,0
0.009515491693658295,0.5299447,0
0.059522860323092966,0.35566422,0
0.010732455154084893,0.46205783,0
0.011024029876044906,0.5254055,0
0.010950067707903343,0.5374511,0
0.009761162287121383,0.5409398,0
0.01195588583548309,0.615891,0
0.009766834280897703,0.5760008,0
0.011747993176255862,0.4507013,0
0.01078913003306049,0.34896934,0
0.00937050398263593,0.5347614,0
0.05510551559848671,0.45357943,0
0.010546314003283146,0.6323996,0
0.011471001939932363,0.5873616,0
0.01152309199809972,0.4563865,0
0.05940903643432441,0.39678168,0
0.011659520811511342,0.66561997,0
0.011213315302303382,0.5008345,0
0.061396250171356956,0.6081024,0
0.06559092467197834,0.5042199,0
0.01028666299607254,0.70013833,0
0.011702246213782182,0.5145206,0
0.011440483970057676,0.57399094,0
0.010141230138978548,0.49004206,0
0.01028666299607254,0.49355704,0
0.06411916695341655,0.71054256,0
0.04816888030781673,0.5405954,0
0.06263633744126228,0.69352424,0
0.05415941210526237,0.5043521,0
0.058861228605868884,0.45159677,0
0.011086702565525882,0.64326143,0
0.009368940201573316,0.40155065,0
0.06254945101868725,0.47120756,0
0.009833003351946777,0.44474623,0
0.011032489273338069,0.6095407,0
0.009884523633876041,0.50627154,0
0.012263333962147616,0.57706785,0
0.011655268343177327,0.5956274,0
0.010091166408904569,0.4967064,0
0.011368776797760353,0.6063671,0
0.009927759330410886,0.5663861,0
0.011229528224892557,0.41707513,0
0.010354794963349208,0.5878281,0
0.05464313968386018,0.72250706,0
0.06129442558963206,0.46469918,0
0.06547142762345254,0.52847946,0
0.010987205802591462,0.66112596,0
0.0104282440183075,0.47995466,0
0.06242763934275372,0.561776,0
0.0498206801585746,0.4980936,0
0.010719349348759821,0.5022769,0
0.0684660159348244,0.73082644,0
0.01038658069621459,0.4443506,0
0.05951507438813861,0.4846152,0
0.010826896821006252,0.4210338,0
0.009867971268263564,0.33302224,0
0.01201688737899916,0.63565874,0
0.009386027175708975,0.528417,0
0.05563058312426876,0.6279568,0
0.010090539078451914,0.5244159,0
0.05140680644587539,0.6294387,0
0.00972648366946472,0.57299614,0
0.010164582826766208,0.577068,0
0.04692136094340584,0.59013706,0
0.05906892407592026,0.7191291,0
0.010971994652942036,0.4495244,0
0.05732933378500252,0.7572111,0
0.009698309889800043,0.48157382,0
0.012421333578716701,0.573703,0
0.05381664297223982,0.6511909,0
0.010307816122231918,0.52500457,0
0.010622069213185373,0.44318512,0
0.009946606266886565,0.60418206,0
0.011595630203399624,0.49675453,0
0.010620263672638224,0.565096,0
0.05384062703241932,0.64131534,0
0.010315833316590159,0.4466549,0
0.011899546423040239,0.6601335,0
0.008978936826131939,0.5723812,0
0.05684650335241602,0.43249,0
0.062159174505273085,0.6381205,0
0.012514939605842547,0.44777185,0
0.010570981196219787,0.57145834,0
0.011370310195838805,0.69638926,0
0.010051757666464533,0.35209692,0
0.00960690277461664,0.50504196,0
0.009982434463332579,0.51991224,0
0.011928493712118694,0.5445266,0
0.06286930234462325,0.5253463,0
0.01110254377465008,0.5889762,0
0.010669930930512599,0.44868165,0
0.011817029008766551,0.4484768,0
0.009909787372152054,0.5537309,0
0.01218993853359764,0.5206233,0
0.011588963119491456,0.42571327,0
0.0561923645104235,0.63839185,0
0.05736671259530838,0.50226337,0
0.01174101662406651,0.4255802,0
0.06282718376453987,0.5778547,0
0.05662808575815873,0.50676763,0
0.010692859027170992,0.4295518,0
0.010459024821066597,0.5751978,0
0.010613249876518207,0.5205215,0
0.011007967425338638,0.5243864,0
0.010953174468115166,0.69331664,0
0.00996408532538729,0.4718026,0
0.010035172816851035,0.440208,0
0.060017470725045506,0.5239143,0
0.011013665970287282,0.5622337,0
0.011197649363922318,0.6385621,0
0.011515251502328,0.651969,0
0.010929452787807544,0.6100223,0
0.04489441697213572,0.4638949,0
0.010942637133371283,0.47918028,0
0.010697001111548563,0.5326162,0
0.00976022927297582,0.4445402,0
0.01096732729855225,0.25156924,0
0.05584564621545344,0.5435252,0
0.010910931378211416,0.6212937,0
0.00963929265437297,0.56560564,0
0.00987681137403776,0.5556822,0
0.011732607089273428,0.6053504,0
0.01232024079830505,0.43949112,0
0.011523637018226528,0.6105342,0
0.009263936607590593,0.4945065,0
0.054184628315290695,0.6391704,0
0.011021128261249444,0.573614,0
0.05522370138702186,0.46199614,0
0.061277319867450594,0.5371655,0
0.011586298389217093,0.52416515,0
0.010573340973535555,0.522418,0
0.0676460638916816,0.6155343,0
0.055942985971828285,0.65367645,0
0.010678719116996445,0.6074126,0
0.057845747804633633,0.5200925,0
0.01184407229897616,0.6666113,0
0.009495013533428472,0.6273943,0
0.012040018798073919,0.39307925,0
0.052377249170020575,0.6624113,0
0.011951132814023853,0.42121196,0
0.05940274624076106,0.5816101,0
0.010196422643866627,0.53460485,0
0.05418318514504744,0.4499692,0
0.011236854051444744,0.6579149,0
0.05486193438009175,0.59568346,0
0.010696538792550506,0.6518184,0
0.009396077660154723,0.6197902,0
0.00988149880152616,0.64246464,0
0.06507721773934426,0.62140155,0
0.05676213768654388,0.5827503,0
0.010733377827958236,0.5034568,0
0.04607149341394716,0.6777811,0
0.011737126279997838,0.44386867,0
0.010176943449189367,0.47300446,0
0.010930207726426,0.4730353,0
0.06375749889858588,0.5394704,0
0.05659553962449765,0.5081091,0
0.01104485191679506,0.5963868,0
0.011244594301123966,0.5060878,0
0.010473182421220528,0.5891545,0
0.011203373939606798,0.5365411,0
0.009243722473015302,0.4584527,0
0.010673335148594277,0.67860615,0
0.00932993395171919,0.6397898,0
0.06388213363783687,0.64184153,0
0.06792645989389312,0.5776297,0
0.012325409862826566,0.7242716,0
0.011347094260298203,0.56663835,0
0.011120937851546595,0.52223426,0
0.009654144717709279,0.548631,0
0.00939857561679834,0.71251625,0
0.06154638642248131,0.5711069,0
0.011181557739417843,0.5074024,0
0.05862538081771065,0.6110436,0
0.00874149416907927,0.4876737,0
0.058371114997402156,0.65663505,0
0.010583189657117737,0.67408013,0
0.01063105902593731,0.5142611,0
0.010312135266328055,0.61185765,0
0.01099601915746901,0.48048124,0
0.060413160429705216,0.5416417,0
0.010643700534463429,0.59116244,0
0.01133785001836226,0.62494457,0
0.010462329595194157,0.5229937,0
0.009969775212882668,0.5569987,0
0.01161439970626167,0.56798744,0
0.01149988734860012,0.6714042,0
0.010333185562532834,0.5862833,0
0.009995310458973502,0.48141277,0
0.010143161813357896,0.5418469,0
0.010872268683539325,0.39184663,0
0.05035242933299275,0.5962908,0
0.050491225428896,0.66843265,0
0.05823589706743684,0.6031408,0
0.010802314946865722,0.4952986,0
0.010815919271505292,0.5293891,0
0.010657046998075842,0.4958545,0
0.009736759460204886,0.6726147,0
0.01047230697614687,0.50029904,0
0.05483066726659111,0.4093709,0
0.010673128167901015,0.55886316,0
0.010427313350714004,0.49981308,0
0.058689660128553756,0.6104107,0
0.058488883538133904,0.61032593,0
0.010505742895841295,0.6444273,0
0.01106225768744267,0.5183888,0
0.05362182333691595,0.53267586,0
0.049900520023788815,0.57318735,0
0.059349088796025545,0.5873112,0
0.010846097832761779,0.52920914,0
0.009743731539054683,0.49421042,0
0.04810114902805182,0.47305682,0
0.010049604819274702,0.5393354,0
0.05078151093346414,0.49359494,0
0.01000191228349395,0.49675488,0
0.053472603860675,0.41337752,0
0.009882384499702614,0.536163,0
0.009433812307301082,0.63448304,0
0.05620715689140303,0.58320475,0
0.06601886268166915,0.53505266,0
0.011813165054917992,0.4700178,0
0.04489441697213572,0.52208114,0
0.012726822519211606,0.5183666,0
0.05210249737478802,0.5209117,0
0.06492841997929091,0.5297239,0
0.009133853898356002,0.4289462,0
0.011371691979878277,0.48590454,0
0.010859842758383769,0.49976715,0
0.009661443743078603,0.45376617,0
0.009943860511736203,0.5872772,0
0.010829700317437416,0.6010221,0
0.05447000325329797,0.27635163,0
0.010268288103183512,0.48967052,0
0.01133721861746104,0.47027567,0
0.047587881674572716,0.53922415,0
0.009981706534709811,0.59845287,0
0.008740690796773734,0.5642904,0
0.05889055167817493,0.5337362,0
0.06151669280658161,0.45991656,0
0.009549032847217517,0.53157294,0
0.011302751629050485,0.5407901,0
0.010227821744102744,0.51668394,0
0.010582558830166596,0.5825944,0
0.05045236342199992,0.70540094,0
0.009681928303095617,0.47239417,0
0.009743970813053197,0.44477195,0
0.055256713440269827,0.5314611,0
0.01297750204320624,0.59915054,0
0.010841913047682684,0.4767875,0
0.011859899297332801,0.42538816,0
0.01156159673019412,0.23920318,0
0.010291541404999162,0.47904012,0
0.00913006397367453,0.46485305,0
0.059369971781580384,0.68146336,0
0.009568821218754103,0.4251144,0
0.052994984297440484,0.61072683,0
0.06578144405820077,0.5740099,0
0.011352109501463386,0.6104897,0
0.06144758403940813,0.70177615,0
0.057588791141760555,0.4859044,0
0.05990639306483256,0.5172495,0
0.009628227007542785,0.61503917,0
0.05584564621545344,0.24679147,0
0.00874149416907927,0.48395202,0
0.010221563130498415,0.5119894,0
0.010703631345265831,0.5741849,0
0.05915927104443128,0.56288093,0
0.01184950398586368,0.50610137,0
0.01250414056351443,0.65204996,0
0.06164830195119207,0.7670695,0
0.06792201717187513,0.56410587,0
0.01055242918514781,0.5009709,0
0.009765377274531133,0.43892363,0
0.010935833784119723,0.68526554,0
0.05322636117288265,0.5570505,0
0.010416251721975045,0.628273,0
0.012346611356738972,0.6200137,0
0.010573854007030349,0.57505774,0
0.010939790264247231,0.59144807,0
0.010243414613430925,0.4727418,0
0.05313239135447031,0.53748953,0
0.05856306619988396,0.63667864,0
0.009969490813496726,0.4400493,0
0.011340384892267468,0.42930174,0
0.011393712251494435,0.49943203,0
0.010532427844484212,0.57209563,0
0.012080665743301642,0.5633606,0
0.011440003296051788,0.5335732,0
0.009566512042597636,0.50830567,0
0.06465303175683622,0.72386086,0
0.010826486795597674,0.6102515,0
0.05668029575962543,0.52985084,0
0.05464716159037776,0.49598202,0
0.05652576359947353,0.49494347,0
0.01164077477114719,0.48343247,0
0.009794543915976379,0.6046857,0
0.05622018464317899,0.6151,0
0.011413891655478937,0.47765577,0
0.011089997714310998,0.48444852,0
0.009743961119757887,0.49481058,0
0.009133853898356002,0.57111645,0
0.011756258674006667,0.47910887,0
0.011995244005712476,0.5335229,0
0.05015872915719392,0.59412026,0
0.011050638482467512,0.43610758,0
0.010072327630470937,0.6404164,0
0.011215839626469276,0.5473114,0
0.06230339210859695,0.7123431,0
0.01041059735520711,0.5946376,0
0.01078913003306049,0.47166115,0
0.012715293003580748,0.5646832,0
0.009701641687885185,0.56143945,0
0.010344975044213467,0.36739147,0
0.011752986793723526,0.5147957,0
0.05845065135154494,0.6810471,0
0.010857999735768297,0.5687219,0
0.01132204670603173,0.53507656,0
0.011699874461362303,0.5230367,0
0.054305736251217235,0.6330797,0
0.06412519519024176,0.6177398,0
0.05708800565152312,0.6565715,0
0.011768259231749525,0.65918547,0
0.05387774649576637,0.48541498,0
0.06526918952365954,0.43146446,0
0.00929745714692095,0.63261884,0
0.058770878188742354,0.59168404,0
0.01117406155658164,0.32126296,0
0.05538191975256403,0.43963528,0
0.06335158751894576,0.6095092,0
0.010878776710054475,0.48521855,0
0.010076088747672083,0.63050914,0
0.055132380794562355,0.6448716,0
0.010227474858359087,0.4135987,0
0.0644691451297721,0.684059,0
0.010939251461923162,0.36839017,0
0.01184407229897616,0.47728908,0
0.010796714181888918,0.466832,0
0.010246469435869059,0.4944902,0
0.059133636232848015,0.36848056,0
0.010812116964995289,0.48202842,0
0.055224997019240316,0.44093308,0
0.00937680306103135,0.5391341,0
0.0562354918630188,0.51159567,0
0.01247042281323217,0.5707142,0
0.011766159207013264,0.66204214,0
0.011414396355077117,0.4535293,0
0.01084746227985692,0.45265952,0
0.008990178884332598,0.5052367,0
0.011840645794853916,0.41404736,0
0.05424045260074346,0.7378099,0
0.009577876891864663,0.4622739,0
0.06550910972968374,0.63295114,0
0.05994914788172699,0.5452222,0
0.060767470622436676,0.47780168,0
0.06526975451265538,0.61981684,0
0.011074345033024144,0.57895434,0
0.011379167955540895,0.48855552,0
0.0097857071642736,0.50105786,0
0.010878776710054475,0.5346361,0
0.010434299619123689,0.58130795,0
0.05778412291426449,0.5565136,0
0.06130470811354901,0.5385697,0
0.011753818253110048,0.63400173,0
0.011451749301806967,0.48487824,0
0.05677512626579,0.549324,0
0.009301549805825007,0.64096224,0
0.059871312680309985,0.73261654,0
0.0674362292913786,0.51973104,0
0.011603198164084044,0.5183619,0
0.010211351778995428,0.4675284,0
0.00987681137403776,0.40225723,0
0.06817073667970638,0.49797186,0
0.00929078311821747,0.4532668,0
0.06100310082774283,0.62434137,0
0.011791250325351678,0.4895287,0
0.05728521695927341,0.5466614,0
0.011584171593042147,0.5691868,0
0.06123843633291404,0.51577795,0
0.05324330181743252,0.6771972,0
0.0114593511944251,0.58901894,0
0.05541001119863461,0.513066,0
0.06418956416903242,0.6208864,0
0.010925820946253885,0.55123854,0
0.010781276767261481,0.5258091,0
0.060333322409407864,0.58766365,0
0.011559350352433837,0.49052143,0
0.0581219411919077,0.6311652,0
0.010625599582519164,0.6152426,0
0.05306288157415748,0.6419161,0
0.06838160687176051,0.5727055,0
0.010663877887220018,0.5026668,0
0.009424649924953394,0.5162911,0
0.05311059596404269,0.376638,0
0.010520745663343576,0.6261692,0
0.01084860559986469,0.5512787,0
0.056273965871321115,0.55298483,0
0.009495013533428472,0.43934768,0
0.010634240678517023,0.41650137,0
0.061166993143970075,0.5362956,0
0.05620274758107016,0.42415807,0
0.010141701864094544,0.5731348,0
0.010980015931360101,0.61174124,0
0.009579936910705153,0.44952205,0
0.011217912428860624,0.5763793,0
0.011310404807966865,0.5738655,0
0.010528341799960655,0.5618808,0
0.05651212263549833,0.6673255,0
0.05546720940025496,0.6478945,0
0.01021576544173281,0.5836745,0
0.05746990022262578,0.6217749,0
0.010181076436261349,0.40137818,0
0.010859842758383769,0.5408319,0
0.010203624583501636,0.5608126,0
0.009701641687885185,0.4726282,0
0.35629832284697194,0.72785056,0
0.04773752649404082,0.4307369,0
0.010237656476123824,0.4465074,0
0.06026577904009502,0.57560205,0
0.011282335317932586,0.5283694,0
0.05453697532299257,0.47950536,0
0.04813657418085357,0.5556736,0
0.04988818072906727,0.6179427,0
0.05986908764113849,0.4708507,0
0.010701750208037783,0.5309322,0
0.061578271658669095,0.662737,0
0.010307059603697384,0.6339407,0
0.056611859477946176,0.54500306,0
0.011573596526194293,0.5875809,0
0.05120567695911962,0.6135466,0
0.009609494855024412,0.420989,0
0.011918616046425244,0.60408056,0
0.011220620222023976,0.594075,0
0.012025480981088863,0.47103262,0
0.01035265027331045,0.54338235,0
0.01231383617587863,0.57190067,0
0.009915305460277874,0.47697008,0
0.01060244080458135,0.6296148,0
0.011213315302303382,0.27947927,0
0.010827144218033123,0.4045636,0
0.012505478346243737,0.4500301,0
0.04773752649404082,0.67848146,0
0.010194221663964626,0.58596843,0
0.010597407947661217,0.5348731,0
0.010994728061440672,0.5551065,0
0.010038023433178294,0.6538762,0
0.009810482330916897,0.60844386,0
0.010154186747514593,0.50725085,0
0.0627280163932604,0.5297246,0
0.010693900680080312,0.55540794,0
0.011522453702059775,0.67478675,0
0.05845065135154494,0.6283487,0
0.010791887766208423,0.6505232,0
0.00980221645354402,0.48373243,0
0.010962908703920199,0.64604115,0
0.009423670290694755,0.6394994,0
0.010306020205582985,0.5835792,0
0.011594814581058033,0.6252665,0
0.012585291567184641,0.53755236,0
0.010688238250196205,0.5012429,0
0.011508592637288255,0.49685958,0
0.009884523633876041,0.55722934,0
0.01099670846183232,0.5262552,0
0.010530533067504556,0.5148947,0
0.011565533342481879,0.5201081,0
0.06609904968950839,0.7007158,0
0.011251162931710891,0.5954671,0
0.010898771227198935,0.65941966,0
0.01038148260566238,0.4787541,0
0.011180769440206694,0.6092018,0
0.012385427115151325,0.4910804,0
0.011262048183313594,0.6565205,0
0.01192911313311597,0.5876532,0
0.05994914788172699,0.625339,0
0.011286627541503313,0.61336285,0
0.010183279099633116,0.64114594,0
0.06342426491138142,0.48994938,0
0.01128235507898544,0.414821,0
0.010691509715359182,0.54640657,0
0.0534481389269892,0.6268393,0
0.010563697310823171,0.42696282,0
0.057353979453267825,0.6443306,0
0.010901560629906706,0.4697095,0
0.010554458272472415,0.60583335,0
0.011079509260039097,0.5606839,0
0.05371205616034818,0.47749126,0
0.05328817807465211,0.67070156,0
0.010073558673002452,0.5604476,0
0.011534300223342129,0.6169307,0
0.05466877952610616,0.514838,0
0.00976497619218312,0.5867039,0
0.00961536275274492,0.3650524,0
0.010291541404999162,0.467762,0
0.011812537154328041,0.46133566,0
0.060571073930594424,0.637995,0
0.010292474323227467,0.62308735,0
0.011390718426995999,0.6946496,0
0.010088512292110401,0.4191772,0
0.0610901978699045,0.39868906,0
0.012335035910166716,0.5396297,0
0.011062835801436162,0.5912769,0
0.011945718944116727,0.6063518,0
0.011146284541669736,0.5373907,0
0.010682877568806643,0.5862881,0
0.010734100975450247,0.6120266,0
0.05838550484940776,0.6561136,0
0.009852051344611042,0.40570003,0
0.06280057264791088,0.49543974,0
0.012108419133463931,0.7234503,0
0.05924841050220957,0.32015067,0
0.010781000075199687,0.54593563,0
0.06316859275002686,0.6672577,0
0.04898651667537964,0.7124809,0
0.011009911837783623,0.4361539,0
0.062197711112392286,0.58027864,0
0.011000982996488511,0.49354282,0
0.052843654077668986,0.56491905,0
0.05975602954424476,0.6923529,0
0.010181086053809225,0.5336952,0
0.06104443140584984,0.7550905,0
0.011411775864192635,0.593734,0
0.01119544563482872,0.7181289,0
0.05348533371200329,0.5890471,0
0.05059524807892807,0.56954795,0
0.05389075157086776,0.65746534,0
0.05043374927383039,0.5549072,0
0.010522987700629996,0.501044,0
0.01104832112004944,0.42217085,0
0.01089918651248162,0.61097443,0
0.009715188779061525,0.544304,0
0.01162127416452135,0.6846113,0
0.0092437224730153,0.44049907,0
0.010276684892347475,0.4050858,0
0.01147403443203527,0.65547544,0
0.011395707584893555,0.36565816,0
0.009861424158039598,0.56066805,0
0.054348422586630786,0.69305855,0
0.00957101522778836,0.5127205,0
0.06124174280885051,0.49245268,0
0.010815460821989684,0.5292685,0
0.01056042192643014,0.5893816,0
0.010587093192690768,0.6056591,0
0.011537314837574655,0.5475787,0
0.00960690277461664,0.5357511,0
0.0531111534688385,0.5643383,0
0.010333185562532834,0.6839241,0
0.010939165786025629,0.7120062,0
0.010844738343675948,0.6441229,0
0.011209366274701352,0.43742818,0
0.011505721508739214,0.5484404,0
0.06680859797152426,0.6904459,0
0.009157559368349426,0.59819067,0
0.054555453024495604,0.63528115,0
0.010169162564236974,0.42191565,0
0.0571271512556319,0.68206507,0
0.01084235660956731,0.6396286,0
0.05592006921434456,0.4664269,0
0.009996329271530317,0.5488448,0
0.012097153709087411,0.5815731,0
0.012296579513298512,0.6404202,0
0.011691201227141316,0.61891484,0
0.01015638407333655,0.54362667,0
0.052522217403070184,0.6901491,0
0.06697264798262169,0.3998,0
0.01094610703127427,0.46185938,0
0.011693047361341982,0.6861463,0
0.06268409622040003,0.5376706,0
0.010049604819274702,0.6790266,0
0.01130393385107208,0.5487699,0
0.05766590731091984,0.6867972,0
0.012076220115486744,0.7285993,0
0.06210806130867189,0.29084697,0
0.061436023457378475,0.704569,0
0.011401213407360805,0.45146292,0
0.01181999085228215,0.7160629,0
0.011740203701062258,0.581849,0
0.010002320742654723,0.51850235,0
0.05298750837969081,0.52366626,0
0.012228460693206444,0.5557546,0
0.010379931580849563,0.44194525,0
0.05141211034211775,0.4291616,0
0.011268917076762835,0.577685,0
0.009160944652216046,0.4839734,0
0.010034530793232405,0.48092854,0
0.056109403134454096,0.5295786,0
0.011420880967479407,0.42470175,0
0.00989218774564368,0.42185956,0
0.011422489922021325,0.3792713,0
0.050252306123772045,0.6543637,0
0.010790222240932065,0.49964184,0
0.04567958587516639,0.45229727,0
0.009982782935621956,0.6892898,0
0.06170152586824478,0.36518842,0
0.011387966842655969,0.46723273,0
0.010497827083102379,0.53632224,0
0.06338775785451506,0.5498721,0
0.05488690072673888,0.61949444,0
0.009815120057493491,0.49444544,0
0.05795241918080001,0.68484795,0
0.010337847104879672,0.46008816,0
0.009919301240372972,0.56437075,0
0.011204873047948967,0.604385,0
0.009654144717709279,0.6430361,0
0.01181847071634922,0.56508136,0
0.01206342968794127,0.5221687,0
0.055544283790212826,0.5932603,0
0.011580107160218475,0.5572801,0
0.05062157603542599,0.5689008,0
0.05434626830966992,0.6503439,0
0.010192306357924013,0.6256477,0
0.060471997204956995,0.5938082,0
0.008740690796773734,0.42924178,0
0.05693655545817526,0.5114768,0
0.011739053796730287,0.5215666,0
0.04813657418085357,0.39361888,0
0.01188066027414568,0.63217515,0
0.010695433870641596,0.6436829,0
0.010462329595194157,0.43500775,0
0.010005961441000851,0.54648656,0
0.010797963463429571,0.6894021,0
0.011069540762027761,0.6463561,0
0.059092959377384555,0.56177855,0
0.012328362900992096,0.5435072,0
0.054386222579418865,0.49188793,0
0.06206111232400542,0.5259118,0
0.010501553921605254,0.5464219,0
0.009529549503814601,0.67919123,0
0.061291269501698574,0.6649343,0
0.05043374927383039,0.64405763,0
0.009638861977173037,0.42637444,0
0.010985387889935918,0.5539382,0
0.05697483330625725,0.4135431,0
0.05614922338629026,0.34055167,0
0.009900397585817162,0.607661,0
0.010038393672083281,0.46522918,0
0.011706695130976445,0.38072625,0
0.009748989072123505,0.629864,0
0.010158788512103807,0.57848114,0
0.05799145495076928,0.525779,0
0.009566512042597635,0.5752864,0
0.010450021123875414,0.54828894,0
0.011250371840981701,0.5699669,0
0.009665911578041838,0.48721373,0
0.011100928443549629,0.6118251,0
0.06200669455580406,0.6518723,0
0.011484270939605908,0.5683006,0
0.01060244080458135,0.6296148,0
0.010617795041997093,0.5585898,0
0.009873419213087653,0.67050284,0
0.010046746851878195,0.6634886,0
0.05552408824710231,0.5582316,0
0.010616807714887395,0.5746347,0
0.009677054820719195,0.5156189,0
0.059021470417850386,0.6033195,0
0.011496348603484542,0.365704,0
0.010646442755818174,0.51058257,0
0.058982610785112355,0.6421447,0
0.05480030892128124,0.49334025,0
0.010041534967651698,0.5765152,0
0.011428949822514797,0.5195422,0
0.013096546627881393,0.5006064,0
0.011022972153219514,0.5222575,0
0.011285010440134814,0.5959133,0
0.057591487732067057,0.47401696,0
0.012124187273784877,0.6118952,0
0.055318180638131376,0.6474372,0
0.011105261414373442,0.4653258,0
0.012047492618353271,0.51499903,0
0.05965103386267726,0.61988735,0
0.009982782935621956,0.61161673,0
0.009859742011437288,0.48450053,0
0.010884253364073483,0.54592603,0
0.011871516624612546,0.5254425,0
0.010910609499001956,0.560256,0
0.010938265471879479,0.62944394,0
0.010615136311909102,0.5843411,0
0.010566351835392352,0.47968212,0
0.05057366676490534,0.72964305,0
0.06046902647971189,0.6650145,0
0.05238744299095914,0.61155534,0
0.009433302546875057,0.49608827,0
0.06282574738703103,0.6063113,0
0.010628216630147678,0.43157384,0
0.0107332673609702,0.5500728,0
0.011148417005115617,0.5801122,0
0.04899669219742903,0.5625157,0
0.06891441885984696,0.7154322,0
0.00993367599656962,0.39566296,0
0.05857730674721022,0.6423046,0
0.011414750384431103,0.46373585,0
0.055734175271415394,0.65998745,0
0.010680987926240405,0.6391015,0
0.010626580382187537,0.670281,0
0.056911556202761254,0.6340599,0
0.011485436674659929,0.4752714,0
0.050945434180483744,0.5420092,0
0.05859790855490277,0.67097694,0
0.05876706990508526,0.4549618,0
0.06361566203718735,0.4868057,0
0.07487946999660638,0.5994434,0
0.011242754023984922,0.6076566,0
0.06167295691933602,0.7154705,0
0.06539363901576106,0.60433835,0
0.011541413646761721,0.46140134,0
0.06605706607391759,0.6275884,0
0.01120391721317536,0.65758324,0
0.010745521351386523,0.48400778,0
0.010230980690299585,0.5877023,0
0.05973626644501101,0.5437104,0
0.011194697680802784,0.6378258,0
0.05616684476654613,0.5483099,0
0.05391498809073395,0.64267254,0
0.010716484641704372,0.5575743,0
0.012947254231281291,0.6211946,0
0.010433741930044548,0.6759138,0
0.012383241798914599,0.5427631,0
0.009291444436434815,0.6578201,0
0.06425481005245655,0.6129397,0
0.05660046121300444,0.56886,0
0.011220620222023976,0.5320285,0
0.011833772268027237,0.5797423,0
0.00976497619218312,0.6153207,0
0.011488465515609999,0.5293428,0
0.010594252150843277,0.5379378,0
0.011856808183343543,0.5039539,0
0.010391290422100146,0.62175494,0
0.011528456005996033,0.5064421,0
0.055882342597024945,0.4870546,0
0.06815985879284889,0.77209365,0
0.054843591135063915,0.47480977,0
0.01063576665656266,0.5277618,0
0.010191608633456474,0.5270385,0
0.01049606337566849,0.56125903,0
0.009991057719155743,0.66409963,0
0.00996408532538729,0.53075874,0
0.05631046393503468,0.5989853,0
0.011744390816533024,0.3994934,0
0.05039139514140921,0.44992828,0
0.010783778965525534,0.5489187,0
0.059699308098937386,0.74766403,0
0.058770434650877876,0.52863944,0
0.010256797709868494,0.5402038,0
0.01165067586756988,0.6121237,0
0.01088299006540219,0.68069756,0
0.01028666299607254,0.44631863,0
0.06429816934612997,0.5459603,0
0.010836486771368515,0.6326672,0
0.01177929033822948,0.65813494,0
0.011560362628639586,0.39905357,0
0.010407029582125459,0.5283314,0
0.011876314462609422,0.5835871,0
0.01117011068617344,0.4811452,0
0.01005236166880638,0.6812909,0
0.05490566335417166,0.5825129,0
0.01096550900964479,0.46647522,0
0.011299365802173856,0.47577944,0
0.011244539030263212,0.78162736,0
0.011668596048900387,0.62382007,0
0.010554458272472415,0.4596646,0
0.010018656436958793,0.45539314,0
0.05165369911378729,0.68950444,0
0.01048430048410906,0.513258,0
0.010237203030097026,0.39466816,0
0.010730759515450139,0.51624775,0
0.06126321729344417,0.5393833,0
0.011579903089091383,0.6770887,0
0.01128597425500386,0.574614,0
0.011100244192658879,0.40630868,0
0.05424045260074346,0.57159925,0
0.050491225428896,0.676884,0
0.05362573831847191,0.54839325,0
0.010212544492774995,0.46180046,0
0.06744510339168422,0.64457476,0
0.011843796912476378,0.44752914,0
0.0642985505472571,0.6620538,0
0.010694064598557812,0.5564335,0
0.011246690871453531,0.52421117,0
0.050992110032961016,0.46811128,0
0.00927267776197146,0.5408897,0
0.010739783790318588,0.61021924,0
0.010208962735933252,0.57102025,0
0.011088779445706624,0.67379,0
0.01107276731587305,0.46078128,0
0.011693515978977826,0.5078476,0
0.011278447222946313,0.62651896,0
0.011920898426405204,0.54557574,0
0.055612787497951316,0.48720485,0
0.011031450817331565,0.5587548,0
0.009893655822628718,0.5858299,0
0.05443715365002102,0.53287816,0
0.01090380931873163,0.5059707,0
0.01027271909961616,0.39750135,0
0.011404706653243243,0.5508734,0
0.010498702884943142,0.43466994,0
0.009617139325131592,0.38420892,0
0.01011530678119482,0.5354357,0
0.010431259355208115,0.4568267,0
0.05907563797708383,0.6688539,0
0.011517111930630645,0.63912904,0
0.010986525402980174,0.63449794,0
0.00989619888705019,0.60081863,0
0.05312993543972756,0.6136395,0
0.009642637106927743,0.59167206,0
0.060174451112931834,0.6059503,0
0.011631825361087962,0.57990706,0
0.06146266571332728,0.608907,0
0.011339665925640929,0.5199959,0
0.06313708890476052,0.6234244,0
0.01037666044392749,0.59502536,0
0.06099995824874361,0.5414783,0
0.010057986217739881,0.70630217,0
0.012159384414584466,0.58914566,0
0.011997035975955746,0.5031329,0
0.011138482738633949,0.56003165,0
0.052809698671540485,0.5745298,0
0.010673632015167947,0.577857,0
0.011412607906407654,0.5690925,0
0.010141230138978548,0.6535584,0
0.011935324839285517,0.76101923,0
0.010400341627293263,0.4963262,0
0.010193845101587632,0.47073478,0
0.011331069930131558,0.39539838,0
0.010454946456133051,0.61805546,0
0.012153817701959111,0.47110322,0
0.060338062022167224,0.58531475,0
0.010505696732516697,0.2181339,0
0.0518688324825355,0.5897765,0
0.011486827371585262,0.5341145,0
0.06036443265816796,0.5417075,0
0.010019290494746091,0.60019684,0
0.011105261414373442,0.5186907,0
0.009596578164318971,0.54475373,0
0.01142706879044399,0.7088804,0
0.05622018464317899,0.41401213,0
0.011150911970476624,0.48640132,0
0.05191046467504371,0.45683286,0
0.011052370926402065,0.610551,0
0.010644573195361091,0.60199624,0
0.010403877190579522,0.3838404,0
0.009699957801020667,0.5856639,0
0.06381747959685077,0.51327604,0
0.05347402589940939,0.6121993,0
0.05663570257294933,0.6332537,0
0.010714655286514755,0.54334974,0
0.010552704402883478,0.5926238,0
0.06096664885269763,0.50201213,0
0.011422707893387143,0.5176375,0
0.010691186837458748,0.4976361,0
0.06255601215033446,0.6320754,0
0.011252415602871163,0.50038385,0
0.010617853319447841,0.52851355,0
0.010389363925754362,0.56352603,0
0.059061964488958694,0.42671597,0
0.010321273282053857,0.48448193,0
0.011156559309089945,0.5183359,0
0.009308666552852793,0.4678673,0
0.00957156929678766,0.71046215,0
0.055744506769097465,0.60188067,0
0.05868335268457579,0.617876,0
0.011273462977817046,0.61971116,0
0.011743342385940927,0.680953,0
0.0640704485696972,0.51604146,0
0.052180130629946836,0.5422845,0
0.052180130629946836,0.41718423,0
0.04692136094340584,0.6165205,0
0.010850269584283147,0.4690633,0
0.011171495011359682,0.52486813,0
0.011849665557143728,0.5352187,0
0.009736759460204886,0.4988768,0
0.05556938258106432,0.54778177,0
0.05960560717761268,0.59233046,0
0.010628510241642762,0.49483013,0
0.0105770306678519,0.5713384,0
0.009741625026998213,0.5215826,0
0.00939857561679834,0.45217398,0
0.009727916210622706,0.6820979,0
0.05488721961720816,0.42298925,0
0.010868631989699446,0.44734627,0
0.0531111534688385,0.51328707,0
0.009989513755686023,0.5539992,0
0.010461549433028532,0.34657252,0
0.011604805572865121,0.39307487,0
0.012845789253539946,0.55667824,0
0.011846821784887314,0.6548842,0
0.05660784792718448,0.54378927,0
0.01067798572188798,0.4995445,0
0.009537156511640664,0.48621422,0
0.010167646019482989,0.6065233,0
0.011159014910908868,0.54160917,0
0.009547968574104735,0.48023063,0
0.011079888760729018,0.57710767,0
0.010053243481739816,0.57297665,0
0.009617139325131592,0.6537621,0
0.011301983091782089,0.48244452,0
0.057845747804633633,0.6374394,0
0.010770294608430944,0.5819247,0
0.010027932566397347,0.5081489,0
0.010572356337687806,0.6074511,0
0.010046863302176258,0.5676669,0
0.009681928303095617,0.596005,0
0.011276876530191464,0.6681168,0
0.010529958074416843,0.5055844,0
0.009884523633876041,0.4485414,0
0.05633298537007349,0.63105154,0
0.010600804055008772,0.5818647,0
0.010925512329434754,0.44626653,0
0.010949517686842459,0.36054128,0
0.06224893062187849,0.6415167,0
0.011067209987599523,0.1715591,0
0.011530318816801997,0.42915672,0
0.012181942523090067,0.60159767,0
0.054961930534372094,0.64214444,0
0.00874149416907927,0.53811103,0
0.010431273295763356,0.5890564,0
0.05575276126012345,0.57800925,0
0.054843591135063915,0.5232993,0
0.011422390705792436,0.5146586,0
0.012366641264690278,0.40704522,0
0.010111806932481432,0.5683142,0
0.010254018802417107,0.54619324,0
0.010839072948610338,0.31796283,0
0.06478887928351745,0.5520134,0
0.011617302877039172,0.546506,0
0.06224226335081319,0.533653,0
0.05200548958136202,0.4654459,0
0.010750322837361938,0.53783906,0
0.06328956601831087,0.6114994,0
0.057049604732601886,0.6285455,0
0.01080466355880061,0.6573248,0
0.01081606938176647,0.4599751,0
0.011364894851578851,0.63504434,0
0.05812417971200293,0.53362083,0
0.010094336058222641,0.61774313,0
0.011146502182964597,0.6435301,0
0.010678719116996445,0.6155857,0
0.011077379478698341,0.5193192,0
0.010824480276720318,0.63436043,0
0.01201688737899916,0.63565874,0
0.052891050748081425,0.54681516,0
0.01017435573742987,0.46451253,0
0.011881712178682075,0.63899016,0
0.060331157342639136,0.46272045,0
0.05272629275917364,0.7015623,0
0.058415587939948166,0.5270391,0
0.010013576257945477,0.42972076,0
0.06084110963393803,0.6190475,0
0.05614100621628916,0.5488663,0
0.05588866828604551,0.60723084,0
0.011819386137482978,0.42522538,0
0.010146024774591067,0.46846178,0
0.057913348727480315,0.40489003,0
0.011347483043548934,0.4058736,0
0.06025303595251962,0.42472625,0
0.011425500957616514,0.5281652,0
0.00976497619218312,0.423639,0
0.011595630203399623,0.40159106,0
0.011937811944816782,0.57010573,0
0.009160944652216046,0.42837605,0
0.0098914921872052,0.5854229,0
0.012572679888490977,0.45588827,0
0.010642207120716774,0.5785354,0
0.05394819880042207,0.63569516,0
0.05567410253434286,0.5573689,0
0.05407640657922467,0.6647351,0
0.011253619919695134,0.3575819,0
0.06869907987229383,0.51895404,0
0.011985874255179472,0.6556581,0
0.053177583271701856,0.6465128,0
0.010827144218033123,0.52456033,0
0.059051009015909414,0.46870643,0
0.011414396355077117,0.46456063,0
0.00982984717447034,0.5026147,0
0.011479128935557394,0.50355655,0
0.012074375894237249,0.5828197,0
0.010726705827298668,0.59029526,0
0.009997744668882709,0.6289334,0
0.011680538787079192,0.4803344,0
0.009568745243227712,0.60369813,0
0.01163045054741162,0.5186651,0
0.055970865494672714,0.5158733,0
0.012390927558258122,0.62668896,0
0.010413459427827296,0.555641,0
0.059107613486321146,0.53727,0
0.06265471922773394,0.53747106,0
0.05516354544589651,0.4957631,0
0.009133853898356002,0.42037266,0
0.01031387638396643,0.38393363,0
0.058599933149586114,0.612358,0
0.010700280258973358,0.40269804,0
0.010538984677368529,0.46330136,0
0.010433463905807034,0.5558729,0
0.008969379582830797,0.42431697,0
0.01154908616528301,0.6421837,0
0.010508270069736786,0.5613934,0
0.010905287746063912,0.6315713,0
0.010093181990010526,0.5669462,0
0.010181835615507564,0.16689101,0
0.011449043159412909,0.49257615,0
0.010506850492418186,0.7135482,0
0.010842112836821854,0.5205919,0
0.053428467973326156,0.6108093,0
0.011584088101532167,0.5319464,0
0.012458068992435999,0.6651032,0
0.05251437360579694,0.6231871,0
0.010408072186985917,0.52729034,0
0.01191760720456151,0.6099161,0
0.05215025328922687,0.3063627,0
0.011286627541503313,0.5440851,0
0.011037543630130216,0.4106202,0
0.01061363155532347,0.7115606,0
0.010382052950970692,0.40908825,0
0.010348272265327498,0.5387167,0
0.01017346064350938,0.55879694,0
0.05913581594063198,0.60812616,0
0.012104304975665543,0.46340108,0
0.06239984324865409,0.44455388,0
0.011550536064008498,0.564693,0
0.0581264561759115,0.56193876,0
0.0527185045840438,0.48922548,0
0.010826648642687035,0.65090215,0
0.04882659581444937,0.5487386,0
0.05396676988061228,0.5583962,0
0.01045354389322729,0.59747446,0
0.05822330604394074,0.55372226,0
0.011229833926383643,0.30215907,0
0.010335266446693823,0.4892141,0
0.010417318804291552,0.6850988,0
0.012272410214114446,0.4181627,0
0.05453058723223462,0.6339638,0
0.05862538081771065,0.69997096,0
0.011489331240108728,0.63371724,0
0.01099700350295044,0.56469804,0
0.011067868710734534,0.5698914,0
0.009414238751065125,0.46903622,0
0.012258583073936328,0.52810305,0
0.05606502425844603,0.5698973,0
0.010975531782008118,0.47597277,0
0.010797760262541927,0.62684953,0
0.010548438782769877,0.51121885,0
0.011062673847403023,0.7244711,0
0.010547216396035473,0.39713168,0
0.06042602047633535,0.6416758,0
0.012315805042955047,0.49397817,0
0.010956797151554582,0.6699084,0
0.05620715689140303,0.45089182,0
0.01029352447339866,0.75193536,0
0.011922684773371304,0.5898016,0
0.010115648635957427,0.65283906,0
0.010945631491058991,0.56017756,0
0.011607999487422305,0.5494548,0
0.011665813077687546,0.42959148,0
0.010072869297067981,0.6743845,0
0.010912793806025375,0.53538895,0
0.010350157952355351,0.61215067,0
0.01190672215491448,0.5713388,0
0.010268288103183512,0.6405062,0
0.01035331430229177,0.57692474,0
0.011189024172369996,0.6758481,0
0.011190596957104455,0.524818,0
0.06658628202945949,0.56940943,0
0.010181835615507564,0.19983254,0
0.010496297113490092,0.5730107,0
0.04949952596976294,0.3680055,0
0.009859742011437288,0.59753823,0
0.05643976629656519,0.557687,0
0.050338967742979926,0.60998714,0
0.058488883538133904,0.57422733,0
0.009134473320916136,0.5322237,0
0.009515491693658295,0.41528687,0
0.011203930549514326,0.51867914,0
0.011366716191082583,0.46280056,0
0.010901445370013172,0.6028268,0
0.010538794687495247,0.60905564,0
0.07019580091614935,0.76826245,0
0.012537025161375809,0.5892631,0
0.05559977966694886,0.59610176,0
0.00991530790510454,0.63063586,0
0.058463847415006334,0.5885149,0
0.010871241391823449,0.52127624,0
0.05862005278653566,0.68021834,0
0.06316160939416408,0.5026965,0
0.00993367599656962,0.4945897,0
0.009946606266886565,0.5977696,0
0.011011503423990007,0.6028914,0
0.0649665407941644,0.50289595,0
0.011877645958321264,0.5718201,0
0.04567958587516639,0.66342294,0
0.010372226387573723,0.5952056,0
0.06084614792766415,0.5641055,0
0.04968080470148903,0.5797892,0
0.010391998627865879,0.6575413,0
0.05150305996590456,0.6260913,0
0.012295918401107967,0.58301854,0
0.05976641650124982,0.5685697,0
0.06523639802038075,0.6966711,0
0.05573828310094576,0.5548761,0
0.05226486662572585,0.6561575,0
0.010930738412463885,0.58443403,0
0.0534481389269892,0.40613872,0
0.057992875853987776,0.5795865,0
0.01037669674625313,0.6663646,0
0.05710670068555859,0.6330647,0
0.011844226000025737,0.614565,0
0.010652685091492512,0.63358486,0
0.011818582832102506,0.556676,0
0.0571000043817809,0.60377383,0
0.060329652871962555,0.6481087,0
0.010773889088741568,0.6016879,0
0.057597985349684466,0.5819905,0
0.06487812003540754,0.44545022,0
0.010141230138978548,0.67128277,0
0.06144172509252187,0.65827584,0
0.010930000717170756,0.3374561,0
0.009857733873250197,0.5400662,0
0.010013835369111119,0.6325298,0
0.01106283580143616,0.23610221,0
0.0107877175922043,0.42909956,0
0.0120440491243726,0.5057486,0
0.05338160046267422,0.66817343,0
0.05298750837969081,0.64038634,0
0.010978723112957525,0.57794523,0
0.06070900284358158,0.55855846,0
0.010374743100467097,0.5221707,0
0.008750808591087827,0.52591693,0
0.04897104260070614,0.6746948,0
0.01124721629429901,0.5492449,0
0.010979439174167032,0.5418713,0
0.010271880426515714,0.42169654,0
0.010463978107605335,0.48457652,0
0.05920430473579233,0.44297796,0
0.011747031357585837,0.52931374,0
0.009626101447663783,0.40066618,0
0.0609743822105694,0.71117944,0
0.011382171622922715,0.5968302,0
0.010699967600604453,0.54467463,0
0.010626903846336496,0.33353302,0
0.011804053039728521,0.55768627,0
0.057120485169496985,0.5947474,0
0.058476159087735693,0.60043055,0
0.00927267776197146,0.40779716,0
0.009262807858759051,0.40094388,0
0.011046558723406671,0.5593796,0
0.01192601781844579,0.5773737,0
0.055970865494672714,0.75157773,0
0.010856635233451595,0.5917089,0
0.060639884479027066,0.5480349,0
0.056997220741050215,0.6019005,0
0.06131460033177631,0.69268405,0
0.00956700115313367,0.6950001,0
0.04900851907778672,0.61578953,0
0.010670467734329296,0.45116222,0
0.010925443562264107,0.62344503,0
0.04846572158020725,0.57541704,0
0.00943456558762021,0.4626939,0
0.00986196568632253,0.66570526,0
0.009723837987658808,0.58277416,0
0.05237724917002057,0.636679,0
0.010635766656562662,0.66897094,0
0.010381650952575018,0.5236338,0
0.00998926856644469,0.60015035,0
0.010149185663183437,0.50433147,0
0.062256890569892614,0.56102645,0
0.059092959377384555,0.6543468,0
0.011537314837574655,0.7242044,0
0.010045510688066491,0.32434654,0
0.04990052002378882,0.59383357,0
0.01219837346207708,0.56706154,0
0.06061886598484043,0.50513375,0
0.009761162287121383,0.5409398,0
0.04810114902805182,0.44222724,0
0.010538124680885642,0.59069896,0
0.055401788080882725,0.6257593,0
0.010777641055866892,0.6402397,0
