record1_index,record2_index,record1_id,record2_id,is_duplicate
0,1,0,0,1
0,2,0,0,1
0,3,0,0,1
4,5,1,1,1
4,6,1,1,1
4,7,1,1,1
8,9,2,2,1
8,10,2,2,1
8,11,2,2,1
12,13,3,3,1
12,14,3,3,1
12,15,3,3,1
16,17,4,4,1
16,18,4,4,1
16,19,4,4,1
20,21,5,5,1
20,22,5,5,1
20,23,5,5,1
24,25,6,6,1
24,26,6,6,1
24,27,6,6,1
28,29,7,7,1
28,30,7,7,1
28,31,7,7,1
32,33,8,8,1
32,34,8,8,1
32,35,8,8,1
36,37,9,9,1
36,38,9,9,1
36,39,9,9,1
40,41,10,10,1
40,42,10,10,1
40,43,10,10,1
44,45,11,11,1
44,46,11,11,1
44,47,11,11,1
48,49,12,12,1
48,50,12,12,1
48,51,12,12,1
52,53,13,13,1
52,54,13,13,1
52,55,13,13,1
56,57,14,14,1
56,58,14,14,1
56,59,14,14,1
60,61,15,15,1
60,62,15,15,1
60,63,15,15,1
64,65,16,16,1
64,66,16,16,1
64,67,16,16,1
68,69,17,17,1
68,70,17,17,1
68,71,17,17,1
72,73,18,18,1
72,74,18,18,1
72,75,18,18,1
76,77,19,19,1
76,78,19,19,1
76,79,19,19,1
80,81,20,20,1
80,82,20,20,1
80,83,20,20,1
84,85,21,21,1
84,86,21,21,1
84,87,21,21,1
88,89,22,22,1
88,90,22,22,1
88,91,22,22,1
92,93,23,23,1
92,94,23,23,1
92,95,23,23,1
96,97,24,24,1
96,98,24,24,1
96,99,24,24,1
100,101,25,25,1
100,102,25,25,1
100,103,25,25,1
104,105,26,26,1
104,106,26,26,1
104,107,26,26,1
108,109,27,27,1
108,110,27,27,1
108,111,27,27,1
112,113,28,28,1
112,114,28,28,1
112,115,28,28,1
116,117,29,29,1
116,118,29,29,1
116,119,29,29,1
120,121,30,30,1
120,122,30,30,1
120,123,30,30,1
124,125,31,31,1
124,126,31,31,1
124,127,31,31,1
128,129,32,32,1
128,130,32,32,1
128,131,32,32,1
132,133,33,33,1
132,134,33,33,1
132,135,33,33,1
136,137,34,34,1
136,138,34,34,1
136,139,34,34,1
140,141,35,35,1
140,142,35,35,1
140,143,35,35,1
144,145,36,36,1
144,146,36,36,1
144,147,36,36,1
148,149,37,37,1
148,150,37,37,1
148,151,37,37,1
152,153,38,38,1
152,154,38,38,1
152,155,38,38,1
156,157,39,39,1
156,158,39,39,1
156,159,39,39,1
160,161,40,40,1
160,162,40,40,1
160,163,40,40,1
164,165,41,41,1
164,166,41,41,1
164,167,41,41,1
168,169,42,42,1
168,170,42,42,1
168,171,42,42,1
172,173,43,43,1
172,174,43,43,1
172,175,43,43,1
176,177,44,44,1
176,178,44,44,1
176,179,44,44,1
180,181,45,45,1
180,182,45,45,1
180,183,45,45,1
184,185,46,46,1
184,186,46,46,1
184,187,46,46,1
188,189,47,47,1
188,190,47,47,1
188,191,47,47,1
192,193,48,48,1
192,194,48,48,1
192,195,48,48,1
196,197,49,49,1
196,198,49,49,1
196,199,49,49,1
200,201,50,50,1
200,202,50,50,1
200,203,50,50,1
204,205,51,51,1
204,206,51,51,1
204,207,51,51,1
208,209,52,52,1
208,210,52,52,1
208,211,52,52,1
212,213,53,53,1
212,214,53,53,1
212,215,53,53,1
216,217,54,54,1
216,218,54,54,1
216,219,54,54,1
220,221,55,55,1
220,222,55,55,1
220,223,55,55,1
224,225,56,56,1
224,226,56,56,1
224,227,56,56,1
228,229,57,57,1
228,230,57,57,1
228,231,57,57,1
232,233,58,58,1
232,234,58,58,1
232,235,58,58,1
236,237,59,59,1
236,238,59,59,1
236,239,59,59,1
240,241,60,60,1
240,242,60,60,1
240,243,60,60,1
244,245,61,61,1
244,246,61,61,1
244,247,61,61,1
248,249,62,62,1
248,250,62,62,1
248,251,62,62,1
252,253,63,63,1
252,254,63,63,1
252,255,63,63,1
256,257,64,64,1
256,258,64,64,1
256,259,64,64,1
260,261,65,65,1
260,262,65,65,1
260,263,65,65,1
264,265,66,66,1
264,266,66,66,1
264,267,66,66,1
268,269,67,67,1
268,270,67,67,1
268,271,67,67,1
272,273,68,68,1
272,274,68,68,1
272,275,68,68,1
276,277,69,69,1
276,278,69,69,1
276,279,69,69,1
280,281,70,70,1
280,282,70,70,1
280,283,70,70,1
284,285,71,71,1
284,286,71,71,1
284,287,71,71,1
288,289,72,72,1
288,290,72,72,1
288,291,72,72,1
292,293,73,73,1
292,294,73,73,1
292,295,73,73,1
296,297,74,74,1
296,298,74,74,1
296,299,74,74,1
300,301,75,75,1
300,302,75,75,1
300,303,75,75,1
304,305,76,76,1
304,306,76,76,1
304,307,76,76,1
308,309,77,77,1
308,310,77,77,1
308,311,77,77,1
312,313,78,78,1
312,314,78,78,1
312,315,78,78,1
316,317,79,79,1
316,318,79,79,1
316,319,79,79,1
320,321,80,80,1
320,322,80,80,1
320,323,80,80,1
324,325,81,81,1
324,326,81,81,1
324,327,81,81,1
328,329,82,82,1
328,330,82,82,1
328,331,82,82,1
332,333,83,83,1
332,334,83,83,1
332,335,83,83,1
336,337,84,84,1
336,338,84,84,1
336,339,84,84,1
340,341,85,85,1
340,342,85,85,1
340,343,85,85,1
344,345,86,86,1
344,346,86,86,1
344,347,86,86,1
348,349,87,87,1
348,350,87,87,1
348,351,87,87,1
352,353,88,88,1
352,354,88,88,1
352,355,88,88,1
356,357,89,89,1
356,358,89,89,1
356,359,89,89,1
360,361,90,90,1
360,362,90,90,1
360,363,90,90,1
364,365,91,91,1
364,366,91,91,1
364,367,91,91,1
368,369,92,92,1
368,370,92,92,1
368,371,92,92,1
372,373,93,93,1
372,374,93,93,1
372,375,93,93,1
376,377,94,94,1
376,378,94,94,1
376,379,94,94,1
380,381,95,95,1
380,382,95,95,1
380,383,95,95,1
384,385,96,96,1
384,386,96,96,1
384,387,96,96,1
388,389,97,97,1
388,390,97,97,1
388,391,97,97,1
392,393,98,98,1
392,394,98,98,1
392,395,98,98,1
396,397,99,99,1
396,398,99,99,1
396,399,99,99,1
400,401,100,100,1
400,402,100,100,1
400,403,100,100,1
404,405,101,101,1
404,406,101,101,1
404,407,101,101,1
408,409,102,102,1
408,410,102,102,1
408,411,102,102,1
412,413,103,103,1
412,414,103,103,1
412,415,103,103,1
416,417,104,104,1
416,418,104,104,1
416,419,104,104,1
420,421,105,105,1
420,422,105,105,1
420,423,105,105,1
424,425,106,106,1
424,426,106,106,1
424,427,106,106,1
428,429,107,107,1
428,430,107,107,1
428,431,107,107,1
432,433,108,108,1
432,434,108,108,1
432,435,108,108,1
436,437,109,109,1
436,438,109,109,1
436,439,109,109,1
440,441,110,110,1
440,442,110,110,1
440,443,110,110,1
444,445,111,111,1
444,446,111,111,1
444,447,111,111,1
448,449,112,112,1
448,450,112,112,1
448,451,112,112,1
452,453,113,113,1
452,454,113,113,1
452,455,113,113,1
456,457,114,114,1
456,458,114,114,1
456,459,114,114,1
460,461,115,115,1
460,462,115,115,1
460,463,115,115,1
464,465,116,116,1
464,466,116,116,1
464,467,116,116,1
468,469,117,117,1
468,470,117,117,1
468,471,117,117,1
472,473,118,118,1
472,474,118,118,1
472,475,118,118,1
476,477,119,119,1
476,478,119,119,1
476,479,119,119,1
480,481,120,120,1
480,482,120,120,1
480,483,120,120,1
484,485,121,121,1
484,486,121,121,1
484,487,121,121,1
488,489,122,122,1
488,490,122,122,1
488,491,122,122,1
492,493,123,123,1
492,494,123,123,1
492,495,123,123,1
496,497,124,124,1
496,498,124,124,1
496,499,124,124,1
500,501,125,125,1
500,502,125,125,1
500,503,125,125,1
504,505,126,126,1
504,506,126,126,1
504,507,126,126,1
508,509,127,127,1
508,510,127,127,1
508,511,127,127,1
512,513,128,128,1
512,514,128,128,1
512,515,128,128,1
516,517,129,129,1
516,518,129,129,1
516,519,129,129,1
520,521,130,130,1
520,522,130,130,1
520,523,130,130,1
524,525,131,131,1
524,526,131,131,1
524,527,131,131,1
528,529,132,132,1
528,530,132,132,1
528,531,132,132,1
532,533,133,133,1
532,534,133,133,1
532,535,133,133,1
536,537,134,134,1
536,538,134,134,1
536,539,134,134,1
540,541,135,135,1
540,542,135,135,1
540,543,135,135,1
544,545,136,136,1
544,546,136,136,1
544,547,136,136,1
548,549,137,137,1
548,550,137,137,1
548,551,137,137,1
552,553,138,138,1
552,554,138,138,1
552,555,138,138,1
556,557,139,139,1
556,558,139,139,1
556,559,139,139,1
560,561,140,140,1
560,562,140,140,1
560,563,140,140,1
564,565,141,141,1
564,566,141,141,1
564,567,141,141,1
568,569,142,142,1
568,570,142,142,1
568,571,142,142,1
572,573,143,143,1
572,574,143,143,1
572,575,143,143,1
576,577,144,144,1
576,578,144,144,1
576,579,144,144,1
580,581,145,145,1
580,582,145,145,1
580,583,145,145,1
584,585,146,146,1
584,586,146,146,1
584,587,146,146,1
588,589,147,147,1
588,590,147,147,1
588,591,147,147,1
592,593,148,148,1
592,594,148,148,1
592,595,148,148,1
596,597,149,149,1
596,598,149,149,1
596,599,149,149,1
600,601,150,150,1
600,602,150,150,1
600,603,150,150,1
604,605,151,151,1
604,606,151,151,1
604,607,151,151,1
608,609,152,152,1
608,610,152,152,1
608,611,152,152,1
612,613,153,153,1
612,614,153,153,1
612,615,153,153,1
616,617,154,154,1
616,618,154,154,1
616,619,154,154,1
620,621,155,155,1
620,622,155,155,1
620,623,155,155,1
624,625,156,156,1
624,626,156,156,1
624,627,156,156,1
628,629,157,157,1
628,630,157,157,1
628,631,157,157,1
632,633,158,158,1
632,634,158,158,1
632,635,158,158,1
636,637,159,159,1
636,638,159,159,1
636,639,159,159,1
640,641,160,160,1
640,642,160,160,1
640,643,160,160,1
644,645,161,161,1
644,646,161,161,1
644,647,161,161,1
648,649,162,162,1
648,650,162,162,1
648,651,162,162,1
652,653,163,163,1
652,654,163,163,1
652,655,163,163,1
656,657,164,164,1
656,658,164,164,1
656,659,164,164,1
660,661,165,165,1
660,662,165,165,1
660,663,165,165,1
664,665,166,166,1
664,666,166,166,1
664,667,166,166,1
668,669,167,167,1
668,670,167,167,1
668,671,167,167,1
672,673,168,168,1
672,674,168,168,1
672,675,168,168,1
676,677,169,169,1
676,678,169,169,1
676,679,169,169,1
680,681,170,170,1
680,682,170,170,1
680,683,170,170,1
684,685,171,171,1
684,686,171,171,1
684,687,171,171,1
688,689,172,172,1
688,690,172,172,1
688,691,172,172,1
692,693,173,173,1
692,694,173,173,1
692,695,173,173,1
696,697,174,174,1
696,698,174,174,1
696,699,174,174,1
700,701,175,175,1
700,702,175,175,1
700,703,175,175,1
704,705,176,176,1
704,706,176,176,1
704,707,176,176,1
708,709,177,177,1
708,710,177,177,1
708,711,177,177,1
712,713,178,178,1
712,714,178,178,1
712,715,178,178,1
716,717,179,179,1
716,718,179,179,1
716,719,179,179,1
720,721,180,180,1
720,722,180,180,1
720,723,180,180,1
724,725,181,181,1
724,726,181,181,1
724,727,181,181,1
728,729,182,182,1
728,730,182,182,1
728,731,182,182,1
732,733,183,183,1
732,734,183,183,1
732,735,183,183,1
736,737,184,184,1
736,738,184,184,1
736,739,184,184,1
740,741,185,185,1
740,742,185,185,1
740,743,185,185,1
744,745,186,186,1
744,746,186,186,1
744,747,186,186,1
748,749,187,187,1
748,750,187,187,1
748,751,187,187,1
752,753,188,188,1
752,754,188,188,1
752,755,188,188,1
756,757,189,189,1
756,758,189,189,1
756,759,189,189,1
760,761,190,190,1
760,762,190,190,1
760,763,190,190,1
764,765,191,191,1
764,766,191,191,1
764,767,191,191,1
768,769,192,192,1
768,770,192,192,1
768,771,192,192,1
772,773,193,193,1
772,774,193,193,1
772,775,193,193,1
776,777,194,194,1
776,778,194,194,1
776,779,194,194,1
780,781,195,195,1
780,782,195,195,1
780,783,195,195,1
784,785,196,196,1
784,786,196,196,1
784,787,196,196,1
788,789,197,197,1
788,790,197,197,1
788,791,197,197,1
792,793,198,198,1
792,794,198,198,1
792,795,198,198,1
796,797,199,199,1
796,798,199,199,1
796,799,199,199,1
800,801,200,200,1
800,802,200,200,1
800,803,200,200,1
804,805,201,201,1
804,806,201,201,1
804,807,201,201,1
808,809,202,202,1
808,810,202,202,1
808,811,202,202,1
812,813,203,203,1
812,814,203,203,1
812,815,203,203,1
816,817,204,204,1
816,818,204,204,1
816,819,204,204,1
820,821,205,205,1
820,822,205,205,1
820,823,205,205,1
824,825,206,206,1
824,826,206,206,1
824,827,206,206,1
828,829,207,207,1
828,830,207,207,1
828,831,207,207,1
832,833,208,208,1
832,834,208,208,1
832,835,208,208,1
836,837,209,209,1
836,838,209,209,1
836,839,209,209,1
840,841,210,210,1
840,842,210,210,1
840,843,210,210,1
844,845,211,211,1
844,846,211,211,1
844,847,211,211,1
848,849,212,212,1
848,850,212,212,1
848,851,212,212,1
852,853,213,213,1
852,854,213,213,1
852,855,213,213,1
856,857,214,214,1
856,858,214,214,1
856,859,214,214,1
860,861,215,215,1
860,862,215,215,1
860,863,215,215,1
864,865,216,216,1
864,866,216,216,1
864,867,216,216,1
868,869,217,217,1
868,870,217,217,1
868,871,217,217,1
872,873,218,218,1
872,874,218,218,1
872,875,218,218,1
876,877,219,219,1
876,878,219,219,1
876,879,219,219,1
880,881,220,220,1
880,882,220,220,1
880,883,220,220,1
884,885,221,221,1
884,886,221,221,1
884,887,221,221,1
888,889,222,222,1
888,890,222,222,1
888,891,222,222,1
892,893,223,223,1
892,894,223,223,1
892,895,223,223,1
896,897,224,224,1
896,898,224,224,1
896,899,224,224,1
900,901,225,225,1
900,902,225,225,1
900,903,225,225,1
904,905,226,226,1
904,906,226,226,1
904,907,226,226,1
908,909,227,227,1
908,910,227,227,1
908,911,227,227,1
912,913,228,228,1
912,914,228,228,1
912,915,228,228,1
916,917,229,229,1
916,918,229,229,1
916,919,229,229,1
920,921,230,230,1
920,922,230,230,1
920,923,230,230,1
924,925,231,231,1
924,926,231,231,1
924,927,231,231,1
928,929,232,232,1
928,930,232,232,1
928,931,232,232,1
932,933,233,233,1
932,934,233,233,1
932,935,233,233,1
936,937,234,234,1
936,938,234,234,1
936,939,234,234,1
940,941,235,235,1
940,942,235,235,1
940,943,235,235,1
944,945,236,236,1
944,946,236,236,1
944,947,236,236,1
948,949,237,237,1
948,950,237,237,1
948,951,237,237,1
952,953,238,238,1
952,954,238,238,1
952,955,238,238,1
956,957,239,239,1
956,958,239,239,1
956,959,239,239,1
960,961,240,240,1
960,962,240,240,1
960,963,240,240,1
964,965,241,241,1
964,966,241,241,1
964,967,241,241,1
968,969,242,242,1
968,970,242,242,1
968,971,242,242,1
972,973,243,243,1
972,974,243,243,1
972,975,243,243,1
976,977,244,244,1
976,978,244,244,1
976,979,244,244,1
980,981,245,245,1
980,982,245,245,1
980,983,245,245,1
984,985,246,246,1
984,986,246,246,1
984,987,246,246,1
988,989,247,247,1
988,990,247,247,1
988,991,247,247,1
992,993,248,248,1
992,994,248,248,1
992,995,248,248,1
996,997,249,249,1
996,998,249,249,1
996,999,249,249,1
1000,1001,250,250,1
1000,1002,250,250,1
1000,1003,250,250,1
1004,1005,251,251,1
1004,1006,251,251,1
1004,1007,251,251,1
1008,1009,252,252,1
1008,1010,252,252,1
1008,1011,252,252,1
1012,1013,253,253,1
1012,1014,253,253,1
1012,1015,253,253,1
1016,1017,254,254,1
1016,1018,254,254,1
1016,1019,254,254,1
1020,1021,255,255,1
1020,1022,255,255,1
1020,1023,255,255,1
1024,1025,256,256,1
1024,1026,256,256,1
1024,1027,256,256,1
1028,1029,257,257,1
1028,1030,257,257,1
1028,1031,257,257,1
1032,1033,258,258,1
1032,1034,258,258,1
1032,1035,258,258,1
1036,1037,259,259,1
1036,1038,259,259,1
1036,1039,259,259,1
1040,1041,260,260,1
1040,1042,260,260,1
1040,1043,260,260,1
1044,1045,261,261,1
1044,1046,261,261,1
1044,1047,261,261,1
1048,1049,262,262,1
1048,1050,262,262,1
1048,1051,262,262,1
1052,1053,263,263,1
1052,1054,263,263,1
1052,1055,263,263,1
1056,1057,264,264,1
1056,1058,264,264,1
1056,1059,264,264,1
1060,1061,265,265,1
1060,1062,265,265,1
1060,1063,265,265,1
1064,1065,266,266,1
1064,1066,266,266,1
1064,1067,266,266,1
1068,1069,267,267,1
1068,1070,267,267,1
1068,1071,267,267,1
1072,1073,268,268,1
1072,1074,268,268,1
1072,1075,268,268,1
1076,1077,269,269,1
1076,1078,269,269,1
1076,1079,269,269,1
1080,1081,270,270,1
1080,1082,270,270,1
1080,1083,270,270,1
1084,1085,271,271,1
1084,1086,271,271,1
1084,1087,271,271,1
1088,1089,272,272,1
1088,1090,272,272,1
1088,1091,272,272,1
1092,1093,273,273,1
1092,1094,273,273,1
1092,1095,273,273,1
1096,1097,274,274,1
1096,1098,274,274,1
1096,1099,274,274,1
1100,1101,275,275,1
1100,1102,275,275,1
1100,1103,275,275,1
1104,1105,276,276,1
1104,1106,276,276,1
1104,1107,276,276,1
1108,1109,277,277,1
1108,1110,277,277,1
1108,1111,277,277,1
1112,1113,278,278,1
1112,1114,278,278,1
1112,1115,278,278,1
1116,1117,279,279,1
1116,1118,279,279,1
1116,1119,279,279,1
1120,1121,280,280,1
1120,1122,280,280,1
1120,1123,280,280,1
1124,1125,281,281,1
1124,1126,281,281,1
1124,1127,281,281,1
1128,1129,282,282,1
1128,1130,282,282,1
1128,1131,282,282,1
1132,1133,283,283,1
1132,1134,283,283,1
1132,1135,283,283,1
1136,1137,284,284,1
1136,1138,284,284,1
1136,1139,284,284,1
1140,1141,285,285,1
1140,1142,285,285,1
1140,1143,285,285,1
1144,1145,286,286,1
1144,1146,286,286,1
1144,1147,286,286,1
1148,1149,287,287,1
1148,1150,287,287,1
1148,1151,287,287,1
1152,1153,288,288,1
1152,1154,288,288,1
1152,1155,288,288,1
1156,1157,289,289,1
1156,1158,289,289,1
1156,1159,289,289,1
1160,1161,290,290,1
1160,1162,290,290,1
1160,1163,290,290,1
1164,1165,291,291,1
1164,1166,291,291,1
1164,1167,291,291,1
1168,1169,292,292,1
1168,1170,292,292,1
1168,1171,292,292,1
1172,1173,293,293,1
1172,1174,293,293,1
1172,1175,293,293,1
1176,1177,294,294,1
1176,1178,294,294,1
1176,1179,294,294,1
1180,1181,295,295,1
1180,1182,295,295,1
1180,1183,295,295,1
1184,1185,296,296,1
1184,1186,296,296,1
1184,1187,296,296,1
1188,1189,297,297,1
1188,1190,297,297,1
1188,1191,297,297,1
1192,1193,298,298,1
1192,1194,298,298,1
1192,1195,298,298,1
1196,1197,299,299,1
1196,1198,299,299,1
1196,1199,299,299,1
1115,777,278,194,0
763,1212,190,1212,0
772,530,193,132,0
215,417,53,104,0
720,275,180,68,0
129,536,32,134,0
201,9,50,2,0
753,799,188,199,0
641,1215,160,1215,0
485,1215,121,1215,0
254,1237,63,1237,0
592,565,148,141,0
835,264,208,66,0
276,265,69,66,0
588,55,147,13,0
1122,1040,280,260,0
1095,537,273,134,0
291,505,72,126,0
842,1072,210,268,0
1131,262,282,65,0
542,621,135,155,0
889,786,222,196,0
189,707,47,176,0
60,1007,15,251,0
467,979,116,244,0
135,1023,33,255,0
617,494,154,123,0
1039,77,259,19,0
259,929,64,232,0
143,727,35,181,0
1149,264,287,66,0
727,1096,181,274,0
82,132,20,33,0
30,442,7,110,0
31,923,7,230,0
414,1074,103,268,0
938,1017,234,254,0
6,443,1,110,0
91,1243,22,1243,0
450,318,112,79,0
883,377,220,94,0
257,1124,64,281,0
937,590,234,147,0
1246,42,1246,10,0
66,617,16,154,0
115,1280,28,1280,0
66,510,16,127,0
1166,805,291,201,0
760,1020,190,255,0
278,582,69,145,0
1175,713,293,178,0
306,65,76,16,0
675,1179,168,294,0
763,1098,190,274,0
411,849,102,212,0
540,363,135,90,0
1049,520,262,130,0
980,162,245,40,0
796,844,199,211,0
533,1241,133,1241,0
621,981,155,245,0
0,1140,0,285,0
352,62,88,15,0
512,474,128,118,0
354,36,88,9,0
326,1082,81,270,0
455,613,113,153,0
523,659,130,164,0
805,734,201,183,0
821,330,205,82,0
543,767,135,191,0
339,12,84,3,0
318,1120,79,280,0
568,985,142,246,0
1289,652,1289,163,0
1293,363,1293,90,0
671,1160,167,290,0
288,1263,72,1263,0
98,1030,24,257,0
817,1136,204,284,0
1203,314,1203,78,0
956,434,239,108,0
1024,241,256,60,0
812,676,203,169,0
867,1089,216,272,0
647,672,161,168,0
441,131,110,32,0
183,458,45,114,0
1287,506,1287,126,0
791,320,197,80,0
500,834,125,208,0
471,698,117,174,0
165,377,41,94,0
121,115,30,28,0
176,1291,44,1291,0
964,777,241,194,0
440,536,110,134,0
896,694,224,173,0
1035,14,258,3,0
373,1139,93,284,0
877,1221,219,1221,0
889,653,222,163,0
567,345,141,86,0
1275,293,1275,73,0
985,1164,246,291,0
766,278,191,69,0
990,909,247,227,0
950,375,237,93,0
931,1062,232,265,0
997,1222,249,1222,0
1220,614,1220,153,0
1097,914,274,228,0
1258,950,1258,237,0
200,991,50,247,0
68,930,17,232,0
394,248,98,62,0
707,1003,176,250,0
23,780,5,195,0
892,643,223,160,0
122,400,30,100,0
258,249,64,62,0
1121,879,280,219,0
1107,0,276,0,0
231,258,57,64,0
1205,386,1205,96,0
274,451,68,112,0
519,41,129,10,0
708,123,177,30,0
88,411,22,102,0
79,394,19,98,0
449,1235,112,1235,0
423,436,105,109,0
1058,13,264,3,0
376,944,94,236,0
541,975,135,243,0
721,751,180,187,0
710,691,177,172,0
499,598,124,149,0
35,925,8,231,0
214,342,53,85,0
1191,84,297,21,0
437,819,109,204,0
578,755,144,188,0
696,381,174,95,0
964,684,241,171,0
617,983,154,245,0
1012,29,253,7,0
961,58,240,14,0
522,1097,130,274,0
1238,184,1238,46,0
679,221,169,55,0
57,869,14,217,0
764,7,191,1,0
358,763,89,190,0
735,748,183,187,0
1207,694,1207,173,0
552,655,138,163,0
543,798,135,199,0
342,1235,85,1235,0
472,632,118,158,0
1102,161,275,40,0
179,986,44,246,0
147,167,36,41,0
414,228,103,57,0
704,796,176,199,0
657,452,164,113,0
502,110,125,27,0
271,1133,67,283,0
514,1151,128,287,0
812,343,203,85,0
14,698,3,174,0
643,390,160,97,0
772,550,193,137,0
1019,366,254,91,0
347,1186,86,296,0
46,126,11,31,0
317,67,79,16,0
625,724,156,181,0
961,296,240,74,0
122,280,30,70,0
589,724,147,181,0
1184,530,296,132,0
506,645,126,161,0
489,127,122,31,0
508,518,127,129,0
883,231,220,57,0
1225,171,1225,42,0
1146,360,286,90,0
2,1211,0,1211,0
394,648,98,162,0
1002,787,250,196,0
736,286,184,71,0
1261,476,1261,119,0
439,876,109,219,0
1043,929,260,232,0
575,852,143,213,0
402,914,100,228,0
464,576,116,144,0
1062,76,265,19,0
447,696,111,174,0
956,420,239,105,0
205,1133,51,283,0
78,357,19,89,0
64,405,16,101,0
557,895,139,223,0
30,144,7,36,0
178,347,44,86,0
32,509,8,127,0
179,252,44,63,0
152,141,38,35,0
161,38,40,9,0
551,760,137,190,0
767,356,191,89,0
911,789,227,197,0
1227,96,1227,24,0
877,368,219,92,0
960,401,240,100,0
1049,948,262,237,0
656,156,164,39,0
725,356,181,89,0
636,629,159,157,0
1226,87,1226,21,0
443,410,110,102,0
91,1055,22,263,0
1129,647,282,161,0
482,1253,120,1253,0
956,226,239,56,0
552,1133,138,283,0
852,432,213,108,0
253,69,63,17,0
334,984,83,246,0
244,374,61,93,0
413,266,103,66,0
350,1282,87,1282,0
872,158,218,39,0
1204,542,1204,135,0
164,495,41,123,0
427,1059,106,264,0
1097,36,274,9,0
1263,902,1263,225,0
1245,929,1245,232,0
1268,554,1268,138,0
1182,519,295,129,0
1062,903,265,225,0
266,1146,66,286,0
951,1100,237,275,0
705,979,176,244,0
501,1048,125,262,0
1244,222,1244,55,0
276,139,69,34,0
142,350,35,87,0
1233,482,1233,120,0
1081,256,270,64,0
1072,1199,268,299,0
858,596,214,149,0
33,577,8,144,0
788,380,197,95,0
739,1225,184,1225,0
107,147,26,36,0
1229,405,1229,101,0
1042,516,260,129,0
739,271,184,67,0
316,1290,79,1290,0
987,714,246,178,0
1164,948,291,237,0
344,703,86,175,0
763,496,190,124,0
429,569,107,142,0
569,454,142,113,0
1251,1038,1251,259,0
1214,208,1214,52,0
988,1172,247,293,0
256,974,64,243,0
569,526,142,131,0
940,354,235,88,0
440,1274,110,1274,0
623,59,155,14,0
1068,940,267,235,0
574,36,143,9,0
746,29,186,7,0
775,261,193,65,0
1273,1099,1273,274,0
557,1149,139,287,0
184,284,46,71,0
796,1050,199,262,0
1173,1240,293,1240,0
372,1099,93,274,0
761,398,190,99,0
319,49,79,12,0
1048,210,262,52,0
986,214,246,53,0
1241,888,1241,222,0
624,1035,156,258,0
817,1196,204,299,0
1064,996,266,249,0
6,1254,1,1254,0
171,931,42,232,0
1184,1203,296,1203,0
1221,755,1221,188,0
500,706,125,176,0
663,210,165,52,0
50,244,12,61,0
330,499,82,124,0
582,1152,145,288,0
427,468,106,117,0
1159,977,289,244,0
90,632,22,158,0
447,783,111,195,0
946,522,236,130,0
116,361,29,90,0
422,1207,105,1207,0
177,171,44,42,0
781,377,195,94,0
1091,894,272,223,0
1277,300,1277,75,0
428,1165,107,291,0
875,610,218,152,0
217,170,54,42,0
140,678,35,169,0
999,295,249,73,0
475,1033,118,258,0
159,141,39,35,0
817,505,204,126,0
1049,598,262,149,0
969,407,242,101,0
1147,676,286,169,0
1201,884,1201,221,0
1206,1237,1206,1237,0
667,349,166,87,0
918,278,229,69,0
472,290,118,72,0
835,950,208,237,0
986,517,246,129,0
765,777,191,194,0
718,154,179,38,0
1271,1054,1271,263,0
94,437,23,109,0
1005,1064,251,266,0
1093,43,273,10,0
905,874,226,218,0
1088,116,272,29,0
447,191,111,47,0
904,1208,226,1208,0
1283,840,1283,210,0
982,37,245,9,0
384,460,96,115,0
154,508,38,127,0
1091,795,272,198,0
351,287,87,71,0
459,641,114,160,0
784,731,196,182,0
130,1197,32,299,0
1172,1296,293,1296,0
981,65,245,16,0
405,845,101,211,0
1138,827,284,206,0
274,20,68,5,0
645,1099,161,274,0
657,399,164,99,0
552,746,138,186,0
250,504,62,126,0
967,605,241,151,0
941,756,235,189,0
1278,800,1278,200,0
322,57,80,14,0
151,1192,37,298,0
1050,90,262,22,0
1070,650,267,162,0
1025,593,256,148,0
948,74,237,18,0
92,967,23,241,0
381,320,95,80,0
589,1297,147,1297,0
771,672,192,168,0
74,395,18,98,0
551,1170,137,292,0
981,1165,245,291,0
1187,1209,296,1209,0
811,69,202,17,0
413,1224,103,1224,0
178,1021,44,255,0
1085,314,271,78,0
443,335,110,83,0
973,676,243,169,0
240,968,60,242,0
1024,225,256,56,0
925,1229,231,1229,0
1277,297,1277,74,0
119,1082,29,270,0
316,803,79,200,0
469,462,117,115,0
520,279,130,69,0
292,43,73,10,0
527,571,131,142,0
711,960,177,240,0
406,783,101,195,0
906,1160,226,290,0
635,197,158,49,0
1057,1023,264,255,0
107,757,26,189,0
464,262,116,65,0
652,22,163,5,0
0,271,0,67,0
884,1050,221,262,0
17,700,4,175,0
1067,890,266,222,0
776,760,194,190,0
469,137,117,34,0
706,1183,176,295,0
336,1263,84,1263,0
289,221,72,55,0
78,1117,19,279,0
721,821,180,205,0
75,669,18,167,0
592,527,148,131,0
303,159,75,39,0
501,110,125,27,0
586,198,146,49,0
1089,172,272,43,0
1258,895,1258,223,0
1068,216,267,54,0
616,1033,154,258,0
201,946,50,236,0
456,317,114,79,0
278,739,69,184,0
209,667,52,166,0
1043,530,260,132,0
880,146,220,36,0
436,1206,109,1206,0
1004,382,251,95,0
704,1110,176,277,0
1199,551,299,137,0
993,1288,248,1288,0
248,1231,62,1231,0
29,330,7,82,0
1241,81,1241,20,0
137,468,34,117,0
705,1047,176,261,0
916,1076,229,269,0
444,1207,111,1207,0
785,912,196,228,0
360,404,90,101,0
1020,1237,255,1237,0
689,632,172,158,0
919,251,229,62,0
1,1206,0,1206,0
97,694,24,173,0
806,519,201,129,0
491,614,122,153,0
623,185,155,46,0
264,1190,66,297,0
105,144,26,36,0
668,1170,167,292,0
694,1182,173,295,0
399,371,99,92,0
465,880,116,220,0
352,429,88,107,0
98,1196,24,299,0
94,6,23,1,0
664,61,166,15,0
882,916,220,229,0
529,759,132,189,0
394,1098,98,274,0
458,860,114,215,0
507,1188,126,297,0
560,478,140,119,0
219,689,54,172,0
110,3,27,0,0
168,154,42,38,0
1247,1240,1247,1240,0
98,815,24,203,0
373,458,93,114,0
1106,1157,276,289,0
179,1219,44,1219,0
511,715,127,178,0
904,1189,226,297,0
835,256,208,64,0
524,824,131,206,0
415,917,103,229,0
631,784,157,196,0
935,534,233,133,0
714,1004,178,251,0
1232,1246,1232,1246,0
1065,450,266,112,0
997,1128,249,282,0
284,763,71,190,0
441,1185,110,296,0
1145,856,286,214,0
541,900,135,225,0
1068,602,267,150,0
615,624,153,156,0
733,415,183,103,0
532,356,133,89,0
589,197,147,49,0
609,102,152,25,0
605,876,151,219,0
1197,396,299,99,0
918,250,229,62,0
821,360,205,90,0
800,197,200,49,0
945,1216,236,1216,0
943,474,235,118,0
109,56,27,14,0
1151,1011,287,252,0
1195,1112,298,278,0
1242,445,1242,111,0
70,219,17,54,0
119,647,29,161,0
1007,1069,251,267,0
474,1214,118,1214,0
629,494,157,123,0
530,679,132,169,0
1191,805,297,201,0
245,199,61,49,0
247,943,61,235,0
353,417,88,104,0
1135,393,283,98,0
1287,11,1287,2,0
298,1135,74,283,0
1090,1039,272,259,0
441,706,110,176,0
307,606,76,151,0
379,52,94,13,0
751,693,187,173,0
543,235,135,58,0
132,397,33,99,0
1087,745,271,186,0
601,830,150,207,0
1280,387,1280,96,0
663,591,165,147,0
786,552,196,138,0
1089,177,272,44,0
1173,826,293,206,0
193,687,48,171,0
1263,3,1263,0,0
1022,1143,255,285,0
214,726,53,181,0
284,378,71,94,0
887,954,221,238,0
713,134,178,33,0
817,379,204,94,0
984,968,246,242,0
784,656,196,164,0
923,1248,230,1248,0
894,385,223,96,0
1202,988,1202,247,0
533,241,133,60,0
246,1195,61,298,0
316,1009,79,252,0
603,346,150,86,0
909,1101,227,275,0
792,240,198,60,0
29,1221,7,1221,0
633,84,158,21,0
0,137,0,34,0
1187,13,296,3,0
106,871,26,217,0
771,633,192,158,0
1220,669,1220,167,0
786,252,196,63,0
1101,1295,275,1295,0
297,900,74,225,0
255,878,63,219,0
926,436,231,109,0
269,123,67,30,0
991,1,247,0,0
533,77,133,19,0
152,99,38,24,0
807,358,201,89,0
65,816,16,204,0
1175,134,293,33,0
661,447,165,111,0
463,728,115,182,0
1047,569,261,142,0
1202,247,1202,61,0
1056,523,264,130,0
34,124,8,31,0
687,282,171,70,0
733,1239,183,1239,0
14,915,3,228,0
972,1203,243,1203,0
1119,371,279,92,0
934,198,233,49,0
228,110,57,27,0
803,551,200,137,0
344,157,86,39,0
941,802,235,200,0
388,715,97,178,0
667,55,166,13,0
345,618,86,154,0
508,1167,127,291,0
796,116,199,29,0
117,1242,29,1242,0
1131,235,282,58,0
1085,1273,271,1273,0
643,1223,160,1223,0
1211,20,1211,5,0
83,313,20,78,0
767,618,191,154,0
585,355,146,88,0
766,144,191,36,0
206,277,51,69,0
768,560,192,140,0
408,1125,102,281,0
405,572,101,143,0
992,1034,248,258,0
28,263,7,65,0
1144,316,286,79,0
848,620,212,155,0
664,54,166,13,0
806,1143,201,285,0
352,1097,88,274,0
771,808,192,202,0
796,386,199,96,0
234,273,58,68,0
600,889,150,222,0
1080,844,270,211,0
1060,1171,265,292,0
195,499,48,124,0
717,822,179,205,0
11,223,2,55,0
594,466,148,116,0
488,1230,122,1230,0
806,1238,201,1238,0
1249,981,1249,245,0
1039,858,259,214,0
38,1033,9,258,0
1074,629,268,157,0
426,83,106,20,0
233,373,58,93,0
70,1039,17,259,0
651,16,162,4,0
649,422,162,105,0
512,835,128,208,0
388,934,97,233,0
442,112,110,28,0
375,878,93,219,0
193,384,48,96,0
993,709,248,177,0
499,884,124,221,0
747,1027,186,256,0
853,487,213,121,0
309,274,77,68,0
46,582,11,145,0
1002,523,250,130,0
198,1197,49,299,0
494,537,123,134,0
44,1126,11,281,0
489,814,122,203,0
504,168,126,42,0
940,409,235,102,0
1087,951,271,237,0
295,225,73,56,0
468,1098,117,274,0
901,143,225,35,0
768,421,192,105,0
1157,761,289,190,0
729,931,182,232,0
229,178,57,44,0
351,673,87,168,0
662,46,165,11,0
915,700,228,175,0
475,852,118,213,0
511,900,127,225,0
858,784,214,196,0
227,563,56,140,0
1096,141,274,35,0
271,150,67,37,0
134,1226,33,1226,0
288,662,72,165,0
652,1253,163,1253,0
704,124,176,31,0
703,156,175,39,0
315,1059,78,264,0
496,491,124,122,0
24,84,6,21,0
549,983,137,245,0
1228,842,1228,210,0
336,866,84,216,0
963,1169,240,292,0
390,618,97,154,0
591,151,147,37,0
109,203,27,50,0
436,909,109,227,0
914,1177,228,294,0
1201,647,1201,161,0
34,789,8,197,0
795,51,198,12,0
619,765,154,191,0
86,879,21,219,0
941,429,235,107,0
542,861,135,215,0
678,30,169,7,0
380,635,95,158,0
763,1269,190,1269,0
819,801,204,200,0
277,406,69,101,0
847,1294,211,1294,0
986,130,246,32,0
644,891,161,222,0
896,349,224,87,0
1102,711,275,177,0
747,961,186,240,0
381,73,95,18,0
304,68,76,17,0
1161,663,290,165,0
490,826,122,206,0
226,639,56,159,0
148,720,37,180,0
541,136,135,34,0
78,537,19,134,0
296,549,74,137,0
1278,533,1278,133,0
931,240,232,60,0
917,1190,229,297,0
1251,613,1251,153,0
435,809,108,202,0
1111,20,277,5,0
268,101,67,25,0
709,1004,177,251,0
335,225,83,56,0
511,110,127,27,0
984,17,246,4,0
1058,375,264,93,0
1205,575,1205,143,0
1120,191,280,47,0
107,197,26,49,0
643,645,160,161,0
1139,345,284,86,0
445,605,111,151,0
352,1210,88,1210,0
196,537,49,134,0
922,1179,230,294,0
63,399,15,99,0
1027,105,256,26,0
1078,301,269,75,0
170,738,42,184,0
91,500,22,125,0
190,861,47,215,0
59,1096,14,274,0
236,701,59,175,0
793,51,198,12,0
982,171,245,42,0
613,195,153,48,0
100,947,25,236,0
212,995,53,248,0
485,452,121,113,0
711,384,177,96,0
314,1117,78,279,0
21,605,5,151,0
1065,461,266,115,0
361,989,90,247,0
1270,965,1270,241,0
1036,54,259,13,0
246,1163,61,290,0
714,1142,178,285,0
419,402,104,100,0
707,850,176,212,0
884,385,221,96,0
230,7,57,1,0
1055,758,263,189,0
185,685,46,171,0
365,1071,91,267,0
767,1099,191,274,0
751,614,187,153,0
1186,1216,296,1216,0
11,320,2,80,0
453,110,113,27,0
398,1213,99,1213,0
705,480,176,120,0
1149,1233,287,1233,0
1126,206,281,51,0
399,812,99,203,0
974,590,243,147,0
1034,682,258,170,0
584,1013,146,253,0
530,853,132,213,0
898,1119,224,279,0
695,522,173,130,0
1215,437,1215,109,0
458,519,114,129,0
1249,882,1249,220,0
99,1003,24,250,0
557,823,139,205,0
902,17,225,4,0
258,961,64,240,0
472,851,118,212,0
1134,477,283,119,0
994,1044,248,261,0
521,751,130,187,0
829,894,207,223,0
525,731,131,182,0
281,397,70,99,0
297,1097,74,274,0
777,1121,194,280,0
957,1274,239,1274,0
1068,319,267,79,0
923,239,230,59,0
354,1141,88,285,0
908,607,227,151,0
219,1235,54,1235,0
124,840,31,210,0
1229,831,1229,207,0
1130,896,282,224,0
1073,1175,268,293,0
1286,996,1286,249,0
243,1157,60,289,0
358,555,89,138,0
143,1214,35,1214,0
1133,295,283,73,0
669,519,167,129,0
712,487,178,121,0
46,432,11,108,0
297,843,74,210,0
504,1183,126,295,0
710,654,177,163,0
907,1170,226,292,0
1065,382,266,95,0
1253,255,1253,63,0
151,841,37,210,0
831,648,207,162,0
587,273,146,68,0
3,870,0,217,0
677,460,169,115,0
124,555,31,138,0
644,406,161,101,0
38,603,9,150,0
363,1078,90,269,0
1015,1213,253,1213,0
756,360,189,90,0
242,1020,60,255,0
374,1138,93,284,0
372,233,93,58,0
791,824,197,206,0
176,372,44,93,0
179,1012,44,253,0
157,303,39,75,0
955,1066,238,266,0
539,1078,134,269,0
578,1060,144,265,0
1089,1199,272,299,0
855,890,213,222,0
746,871,186,217,0
409,208,102,52,0
298,944,74,236,0
1085,1162,271,290,0
231,448,57,112,0
1046,1237,261,1237,0
479,723,119,180,0
610,970,152,242,0
351,599,87,149,0
477,1080,119,270,0
988,957,247,239,0
652,72,163,18,0
548,509,137,127,0
231,823,57,205,0
215,1285,53,1285,0
328,792,82,198,0
211,422,52,105,0
940,833,235,208,0
1119,529,279,132,0
1299,73,1299,18,0
1147,424,286,106,0
964,188,241,47,0
289,321,72,80,0
238,1069,59,267,0
1217,432,1217,108,0
263,541,65,135,0
620,1269,155,1269,0
669,106,167,26,0
990,1142,247,285,0
547,671,136,167,0
931,316,232,79,0
1018,305,254,76,0
1171,367,292,91,0
553,1161,138,290,0
888,179,222,44,0
999,1291,249,1291,0
1095,219,273,54,0
307,485,76,121,0
1007,603,251,150,0
1073,1118,268,279,0
600,1131,150,282,0
495,1268,123,1268,0
846,93,211,23,0
1011,405,252,101,0
59,1148,14,287,0
509,96,127,24,0
16,45,4,11,0
212,927,53,231,0
413,842,103,210,0
1245,914,1245,228,0
139,129,34,32,0
179,215,44,53,0
130,911,32,227,0
1223,1259,1223,1259,0
1105,575,276,143,0
559,998,139,249,0
627,682,156,170,0
799,1122,199,280,0
521,1254,130,1254,0
854,906,213,226,0
639,82,159,20,0
124,107,31,26,0
1148,582,287,145,0
832,1173,208,293,0
183,959,45,239,0
1281,1190,1281,297,0
1115,1229,278,1229,0
275,416,68,104,0
19,1113,4,278,0
1259,146,1259,36,0
456,856,114,214,0
1088,194,272,48,0
1155,1172,288,293,0
673,732,168,183,0
709,975,177,243,0
238,278,59,69,0
20,297,5,74,0
184,749,46,187,0
153,1243,38,1243,0
1194,773,298,193,0
1298,766,1298,191,0
1090,587,272,146,0
732,1083,183,270,0
1232,412,1232,103,0
922,85,230,21,0
817,608,204,152,0
380,147,95,36,0
1295,288,1295,72,0
371,41,92,10,0
840,113,210,28,0
1287,1119,1287,279,0
162,596,40,149,0
814,1021,203,255,0
211,476,52,119,0
196,140,49,35,0
1085,789,271,197,0
1238,735,1238,183,0
384,726,96,181,0
408,241,102,60,0
1047,721,261,180,0
742,608,185,152,0
354,880,88,220,0
328,1155,82,288,0
1277,281,1277,70,0
891,1138,222,284,0
103,417,25,104,0
850,199,212,49,0
82,680,20,170,0
637,457,159,114,0
518,103,129,25,0
448,234,112,58,0
941,560,235,140,0
188,892,47,223,0
350,77,87,19,0
195,376,48,94,0
1159,1185,289,296,0
1144,35,286,8,0
899,11,224,2,0
147,132,36,33,0
750,1175,187,293,0
22,821,5,205,0
81,1254,20,1254,0
825,356,206,89,0
535,472,133,118,0
42,192,10,48,0
14,746,3,186,0
1296,1251,1296,1251,0
277,138,69,34,0
942,962,235,240,0
851,483,212,120,0
646,412,161,103,0
928,364,232,91,0
129,972,32,243,0
115,83,28,20,0
609,357,152,89,0
1270,713,1270,178,0
1168,453,292,113,0
138,530,34,132,0
1074,809,268,202,0
1251,361,1251,90,0
743,1144,185,286,0
435,596,108,149,0
250,101,62,25,0
482,948,120,237,0
1144,900,286,225,0
14,51,3,12,0
153,1237,38,1237,0
327,561,81,140,0
924,1181,231,295,0
133,582,33,145,0
1279,575,1279,143,0
294,40,73,10,0
358,1070,89,267,0
1211,907,1211,226,0
1187,305,296,76,0
927,410,231,102,0
903,483,225,120,0
619,86,154,21,0
1195,540,298,135,0
372,105,93,26,0
540,854,135,213,0
1033,666,258,166,0
326,782,81,195,0
141,924,35,231,0
271,995,67,248,0
1172,385,293,96,0
172,670,43,167,0
903,799,225,199,0
971,438,242,109,0
86,954,21,238,0
262,460,65,115,0
497,1295,124,1295,0
747,1099,186,274,0
1211,364,1211,91,0
509,894,127,223,0
966,1102,241,275,0
398,1,99,0,0
117,1256,29,1256,0
394,549,98,137,0
1121,233,280,58,0
129,351,32,87,0
777,1032,194,258,0
845,28,211,7,0
1099,220,274,55,0
1037,683,259,170,0
204,1087,51,271,0
170,1054,42,263,0
610,855,152,213,0
189,1213,47,1213,0
642,1029,160,257,0
47,706,11,176,0
1297,1063,1297,265,0
917,644,229,161,0
602,580,150,145,0
137,820,34,205,0
38,1078,9,269,0
445,259,111,64,0
1259,1166,1259,291,0
765,130,191,32,0
85,63,21,15,0
1106,790,276,197,0
15,127,3,31,0
1114,1245,278,1245,0
892,327,223,81,0
18,760,4,190,0
638,1017,159,254,0
859,24,214,6,0
36,829,9,207,0
636,440,159,110,0
485,163,121,40,0
663,658,165,164,0
310,243,77,60,0
41,1024,10,256,0
1115,545,278,136,0
412,386,103,96,0
540,1133,135,283,0
870,349,217,87,0
976,1063,244,265,0
370,414,92,103,0
1177,1045,294,261,0
1258,653,1258,163,0
1154,1243,288,1243,0
900,981,225,245,0
672,1079,168,269,0
6,980,1,245,0
404,936,101,234,0
813,229,203,57,0
90,1092,22,273,0
123,89,30,22,0
1013,478,253,119,0
824,615,206,153,0
84,1058,21,264,0
1176,250,294,62,0
518,466,129,116,0
324,323,81,80,0
721,442,180,110,0
695,790,173,197,0
773,1093,193,273,0
600,1293,150,1293,0
633,740,158,185,0
506,984,126,246,0
1070,648,267,162,0
581,42,145,10,0
913,1016,228,254,0
817,770,204,192,0
682,351,170,87,0
134,788,33,197,0
570,1206,142,1206,0
718,86,179,21,0
795,1221,198,1221,0
845,648,211,162,0
653,884,163,221,0
597,620,149,155,0
1193,927,298,231,0
560,470,140,117,0
755,248,188,62,0
38,240,9,60,0
509,455,127,113,0
118,1201,29,1201,0
814,837,203,209,0
999,887,249,221,0
771,942,192,235,0
570,764,142,191,0
259,1034,64,258,0
1002,978,250,244,0
483,316,120,79,0
1,1256,0,1256,0
834,258,208,64,0
365,1230,91,1230,0
1040,229,260,57,0
1244,413,1244,103,0
1100,1091,275,272,0
1170,615,292,153,0
631,866,157,216,0
1178,106,294,26,0
25,12,6,3,0
654,1162,163,290,0
1227,414,1227,103,0
896,864,224,216,0
419,1228,104,1228,0
492,679,123,169,0
868,702,217,175,0
187,1085,46,271,0
151,224,37,56,0
1288,876,1288,219,0
319,1226,79,1226,0
773,554,193,138,0
550,221,137,55,0
209,694,52,173,0
1119,180,279,45,0
382,575,95,143,0
331,836,82,209,0
820,1265,205,1265,0
1016,1156,254,289,0
315,1121,78,280,0
837,1253,209,1253,0
238,407,59,101,0
1057,1061,264,265,0
1224,1238,1224,1238,0
1065,1012,266,253,0
485,592,121,148,0
1187,38,296,9,0
945,958,236,239,0
901,104,225,26,0
426,750,106,187,0
93,783,23,195,0
1146,357,286,89,0
907,1195,226,298,0
1288,491,1288,122,0
1132,680,283,170,0
1014,1264,253,1264,0
1044,592,261,148,0
419,352,104,88,0
244,321,61,80,0
214,221,53,55,0
481,4,120,1,0
700,1237,175,1237,0
803,1181,200,295,0
309,643,77,160,0
249,146,62,36,0
1259,1048,1259,262,0
273,1105,68,276,0
602,683,150,170,0
297,278,74,69,0
1064,586,266,146,0
1182,558,295,139,0
1003,193,250,48,0
784,518,196,129,0
18,1043,4,260,0
320,917,80,229,0
615,38,153,9,0
580,17,145,4,0
1044,957,261,239,0
218,574,54,143,0
607,299,151,74,0
911,700,227,175,0
43,1093,10,273,0
35,787,8,196,0
348,77,87,19,0
1163,69,290,17,0
405,595,101,148,0
677,387,169,96,0
175,627,43,156,0
653,255,163,63,0
560,270,140,67,0
151,1274,37,1274,0
1037,1029,259,257,0
701,352,175,88,0
345,1229,86,1229,0
1206,989,1206,247,0
871,532,217,133,0
216,1150,54,287,0
1075,428,268,107,0
1216,724,1216,181,0
1203,348,1203,87,0
1188,770,297,192,0
786,1165,196,291,0
595,678,148,169,0
801,1119,200,279,0
445,129,111,32,0
1183,750,295,187,0
725,1207,181,1207,0
179,92,44,23,0
119,856,29,214,0
1048,321,262,80,0
1205,86,1205,21,0
642,352,160,88,0
62,561,15,140,0
64,840,16,210,0
1061,897,265,224,0
22,729,5,182,0
1045,680,261,170,0
845,899,211,224,0
1079,753,269,188,0
645,852,161,213,0
311,910,77,227,0
230,191,57,47,0
1239,104,1239,26,0
69,898,17,224,0
923,290,230,72,0
625,1164,156,291,0
762,99,190,24,0
144,469,36,117,0
497,462,124,115,0
64,1166,16,291,0
1027,746,256,186,0
900,736,225,184,0
905,439,226,109,0
637,1176,159,294,0
841,534,210,133,0
706,963,176,240,0
448,1089,112,272,0
1286,826,1286,206,0
465,1070,116,267,0
1014,197,253,49,0
328,957,82,239,0
885,712,221,178,0
108,533,27,133,0
426,609,106,152,0
983,472,245,118,0
1095,839,273,209,0
61,447,15,111,0
840,72,210,18,0
76,249,19,62,0
410,462,102,115,0
886,781,221,195,0
1061,880,265,220,0
932,690,233,172,0
526,998,131,249,0
43,811,10,202,0
98,914,24,228,0
995,61,248,15,0
276,1076,69,269,0
677,1168,169,292,0
103,671,25,167,0
1164,505,291,126,0
112,441,28,110,0
792,808,198,202,0
1165,528,291,132,0
303,120,75,30,0
611,500,152,125,0
209,237,52,59,0
279,930,69,232,0
752,521,188,130,0
1213,1026,1213,256,0
250,549,62,137,0
174,865,43,216,0
1047,1282,261,1282,0
243,236,60,59,0
130,504,32,126,0
36,639,9,159,0
802,1041,200,260,0
405,489,101,122,0
255,628,63,157,0
153,975,38,243,0
1067,933,266,233,0
158,220,39,55,0
1169,118,292,29,0
563,439,140,109,0
535,682,133,170,0
1203,162,1203,40,0
1080,1185,270,296,0
1151,1226,287,1226,0
16,671,4,167,0
660,839,165,209,0
101,743,25,185,0
81,972,20,243,0
963,830,240,207,0
708,588,177,147,0
1215,533,1215,133,0
228,317,57,79,0
1278,1165,1278,291,0
556,1091,139,272,0
827,574,206,143,0
716,1023,179,255,0
128,217,32,54,0
911,1244,227,1244,0
373,325,93,81,0
918,340,229,85,0
1116,740,279,185,0
1148,254,287,63,0
305,1051,76,262,0
493,216,123,54,0
540,885,135,221,0
852,1180,213,295,0
991,759,247,189,0
1272,126,1272,31,0
1052,1005,263,251,0
350,844,87,211,0
383,1009,95,252,0
411,1245,102,1245,0
286,297,71,74,0
1010,113,252,28,0
1220,536,1220,134,0
387,1018,96,254,0
551,1065,137,266,0
152,441,38,110,0
815,1297,203,1297,0
1261,1150,1261,287,0
235,1191,58,297,0
1149,478,287,119,0
704,817,176,204,0
300,466,75,116,0
343,115,85,28,0
744,279,186,69,0
641,555,160,138,0
583,360,145,90,0
1264,935,1264,233,0
1064,559,266,139,0
775,674,193,168,0
1221,434,1221,108,0
816,897,204,224,0
542,190,135,47,0
1226,59,1226,14,0
385,185,96,46,0
793,108,198,27,0
649,1121,162,280,0
667,1061,166,265,0
765,632,191,158,0
518,912,129,228,0
217,719,54,179,0
211,441,52,110,0
196,352,49,88,0
524,541,131,135,0
1270,1184,1270,296,0
755,1158,188,289,0
965,472,241,118,0
527,635,131,158,0
1063,647,265,161,0
705,1191,176,297,0
756,999,189,249,0
456,1280,114,1280,0
640,1197,160,299,0
867,578,216,144,0
595,542,148,135,0
168,531,42,132,0
953,453,238,113,0
876,70,219,17,0
972,729,243,182,0
1153,907,288,226,0
446,868,111,217,0
513,610,128,152,0
369,985,92,246,0
70,1184,17,296,0
400,394,100,98,0
961,18,240,4,0
1052,882,263,220,0
705,104,176,26,0
1069,792,267,198,0
1265,282,1265,70,0
754,140,188,35,0
536,785,134,196,0
290,279,72,69,0
978,343,244,85,0
41,1073,10,268,0
21,983,5,245,0
233,229,58,57,0
85,714,21,178,0
923,1066,230,266,0
1056,915,264,228,0
839,578,209,144,0
898,440,224,110,0
1296,904,1296,226,0
1249,932,1249,233,0
240,861,60,215,0
26,230,6,57,0
791,534,197,133,0
1085,1209,271,1209,0
901,1267,225,1267,0
829,383,207,95,0
936,28,234,7,0
777,536,194,134,0
56,435,14,108,0
12,518,3,129,0
747,477,186,119,0
362,873,90,218,0
467,1119,116,279,0
1152,1222,288,1222,0
7,981,1,245,0
616,245,154,61,0
1080,401,270,100,0
448,1035,112,258,0
598,532,149,133,0
347,571,86,142,0
365,703,91,175,0
306,29,76,7,0
351,1245,87,1245,0
1057,1116,264,279,0
679,859,169,214,0
621,546,155,136,0
105,1064,26,266,0
154,1198,38,299,0
319,800,79,200,0
794,1084,198,271,0
184,90,46,22,0
427,1259,106,1259,0
1240,459,1240,114,0
1099,288,274,72,0
459,986,114,246,0
563,2,140,0,0
1053,736,263,184,0
746,655,186,163,0
521,348,130,87,0
860,779,215,194,0
468,654,117,163,0
498,425,124,106,0
122,577,30,144,0
677,122,169,30,0
1029,680,257,170,0
1039,501,259,125,0
999,954,249,238,0
742,639,185,159,0
583,452,145,113,0
1218,761,1218,190,0
207,1163,51,290,0
334,947,83,236,0
926,1014,231,253,0
984,307,246,76,0
912,1093,228,273,0
300,1123,75,280,0
666,857,166,214,0
338,121,84,30,0
1210,46,1210,11,0
451,1201,112,1201,0
1276,1089,1276,272,0
779,543,194,135,0
585,378,146,94,0
1231,138,1231,34,0
953,1184,238,296,0
991,1251,247,1251,0
917,355,229,88,0
717,40,179,10,0
311,1099,77,274,0
823,991,205,247,0
315,283,78,70,0
1190,350,297,87,0
681,563,170,140,0
537,451,134,112,0
23,1253,5,1253,0
307,1285,76,1285,0
1057,994,264,248,0
525,1147,131,286,0
714,628,178,157,0
1065,261,266,65,0
1135,777,283,194,0
26,53,6,13,0
195,842,48,210,0
658,53,164,13,0
655,1280,163,1280,0
448,615,112,153,0
352,410,88,102,0
1215,1223,1215,1223,0
969,346,242,86,0
1004,211,251,52,0
587,833,146,208,0
525,731,131,182,0
801,1021,200,255,0
167,393,41,98,0
148,734,37,183,0
918,1114,229,278,0
12,28,3,7,0
1251,210,1251,52,0
613,828,153,207,0
115,499,28,124,0
455,387,113,96,0
109,165,27,41,0
970,246,242,61,0
201,156,50,39,0
120,1033,30,258,0
151,398,37,99,0
863,745,215,186,0
719,142,179,35,0
741,431,185,107,0
603,639,150,159,0
1131,1165,282,291,0
500,700,125,175,0
824,970,206,242,0
76,24,19,6,0
413,1294,103,1294,0
383,259,95,64,0
164,748,41,187,0
1187,764,296,191,0
1077,1112,269,278,0
820,1106,205,276,0
461,966,115,241,0
573,394,143,98,0
961,90,240,22,0
807,622,201,155,0
308,82,77,20,0
540,964,135,241,0
123,1293,30,1293,0
909,380,227,95,0
632,525,158,131,0
822,1170,205,292,0
217,1105,54,276,0
16,1091,4,272,0
1203,521,1203,130,0
749,1001,187,250,0
38,144,9,36,0
165,1208,41,1208,0
1021,954,255,238,0
637,979,159,244,0
435,802,108,200,0
169,335,42,83,0
921,267,230,66,0
1257,614,1257,153,0
250,116,62,29,0
1296,1185,1296,296,0
280,504,70,126,0
801,1089,200,272,0
900,492,225,123,0
139,15,34,3,0
741,541,185,135,0
45,244,11,61,0
482,292,120,73,0
595,787,148,196,0
692,752,173,188,0
1186,588,296,147,0
940,320,235,80,0
1095,1018,273,254,0
204,811,51,202,0
554,364,138,91,0
317,1165,79,291,0
36,883,9,220,0
665,42,166,10,0
801,1131,200,282,0
756,496,189,124,0
808,455,202,113,0
564,897,141,224,0
276,373,69,93,0
31,114,7,28,0
259,304,64,76,0
935,1224,233,1224,0
460,772,115,193,0
171,339,42,84,0
437,17,109,4,0
330,287,82,71,0
721,307,180,76,0
420,1028,105,257,0
954,283,238,70,0
727,1085,181,271,0
484,922,121,230,0
209,1210,52,1210,0
1027,1064,256,266,0
595,738,148,184,0
1116,446,279,111,0
489,581,122,145,0
708,360,177,90,0
149,508,37,127,0
1128,608,282,152,0
513,610,128,152,0
799,1018,199,254,0
327,805,81,201,0
685,823,171,205,0
959,374,239,93,0
1267,975,1267,243,0
473,65,118,16,0
879,286,219,71,0
416,572,104,143,0
326,853,81,213,0
84,462,21,115,0
225,567,56,141,0
585,235,146,58,0
1006,1263,251,1263,0
1284,1254,1284,1254,0
258,989,64,247,0
977,905,244,226,0
289,224,72,56,0
1048,437,262,109,0
605,373,151,93,0
1031,890,257,222,0
459,1244,114,1244,0
982,1137,245,284,0
1014,1091,253,272,0
520,1288,130,1288,0
740,666,185,166,0
514,845,128,211,0
1234,278,1234,69,0
522,1069,130,267,0
841,360,210,90,0
610,705,152,176,0
252,180,63,45,0
599,850,149,212,0
933,955,233,238,0
86,839,21,209,0
426,65,106,16,0
381,402,95,100,0
19,983,4,245,0
1237,738,1237,184,0
861,320,215,80,0
410,496,102,124,0
119,726,29,181,0
42,438,10,109,0
980,654,245,163,0
138,715,34,178,0
98,1294,24,1294,0
355,619,88,154,0
653,691,163,172,0
904,752,226,188,0
1130,613,282,153,0
155,864,38,216,0
197,1065,49,266,0
663,1209,165,1209,0
668,770,167,192,0
918,304,229,76,0
918,393,229,98,0
123,919,30,229,0
1016,1048,254,262,0
551,620,137,155,0
1106,912,276,228,0
548,1003,137,250,0
694,991,173,247,0
744,653,186,163,0
497,269,124,67,0
778,484,194,121,0
423,947,105,236,0
784,630,196,157,0
258,496,64,124,0
1256,1184,1256,296,0
576,828,144,207,0
571,331,142,82,0
11,209,2,52,0
764,206,191,51,0
559,189,139,47,0
417,1207,104,1207,0
924,184,231,46,0
1045,285,261,71,0
469,3,117,0,0
110,299,27,74,0
468,814,117,203,0
148,253,37,63,0
778,132,194,33,0
730,1235,182,1235,0
999,1090,249,272,0
716,176,179,44,0
391,403,97,100,0
793,756,198,189,0
55,352,13,88,0
95,603,23,150,0
390,529,97,132,0
964,894,241,223,0
996,1144,249,286,0
1178,136,294,34,0
1012,894,253,223,0
1205,348,1205,87,0
1013,900,253,225,0
447,724,111,181,0
373,559,93,139,0
1234,620,1234,155,0
518,676,129,169,0
479,1059,119,264,0
1204,780,1204,195,0
802,344,200,86,0
182,552,45,138,0
1209,33,1209,8,0
578,549,144,137,0
450,709,112,177,0
1019,511,254,127,0
1276,1084,1276,271,0
401,414,100,103,0
649,263,162,65,0
158,877,39,219,0
722,1116,180,279,0
461,604,115,151,0
22,336,5,84,0
407,506,101,126,0
846,350,211,87,0
1255,677,1255,169,0
406,262,101,65,0
580,268,145,67,0
575,1114,143,278,0
1123,480,280,120,0
746,582,186,145,0
1166,414,291,103,0
703,655,175,163,0
934,840,233,210,0
1116,884,279,221,0
203,567,50,141,0
148,782,37,195,0
776,433,194,108,0
646,339,161,84,0
218,774,54,193,0
1166,216,291,54,0
695,499,173,124,0
181,751,45,187,0
529,432,132,108,0
1005,365,251,91,0
758,859,189,214,0
1033,1153,258,288,0
284,908,71,227,0
295,103,73,25,0
562,465,140,116,0
1224,579,1224,144,0
1180,1280,295,1280,0
262,413,65,103,0
1252,6,1252,1,0
430,314,107,78,0
490,524,122,131,0
145,1146,36,286,0
1149,885,287,221,0
561,884,140,221,0
83,923,20,230,0
928,1214,232,1214,0
773,26,193,6,0
537,929,134,232,0
198,529,49,132,0
402,271,100,67,0
393,205,98,51,0
680,1180,170,295,0
1018,7,254,1,0
759,386,189,96,0
282,1074,70,268,0
635,322,158,80,0
289,356,72,89,0
150,388,37,97,0
240,520,60,130,0
651,379,162,94,0
1101,697,275,174,0
667,479,166,119,0
232,637,58,159,0
620,363,155,90,0
37,225,9,56,0
258,1299,64,1299,0
866,411,216,102,0
544,210,136,52,0
747,716,186,179,0
684,129,171,32,0
738,640,184,160,0
743,95,185,23,0
386,330,96,82,0
1282,827,1282,206,0
531,104,132,26,0
235,431,58,107,0
402,263,100,65,0
538,1013,134,253,0
31,484,7,121,0
279,1035,69,258,0
690,479,172,119,0
1143,689,285,172,0
397,1070,99,267,0
1286,645,1286,161,0
133,337,33,84,0
1121,1280,280,1280,0
1049,1158,262,289,0
1004,590,251,147,0
1141,1183,285,295,0
444,923,111,230,0
326,750,81,187,0
664,1082,166,270,0
621,668,155,167,0
826,4,206,1,0
850,1133,212,283,0
668,805,167,201,0
944,1097,236,274,0
127,19,31,4,0
582,323,145,80,0
1001,592,250,148,0
591,234,147,58,0
257,681,64,170,0
69,402,17,100,0
755,737,188,184,0
914,463,228,115,0
1074,689,268,172,0
1108,341,277,85,0
502,190,125,47,0
574,1165,143,291,0
52,365,13,91,0
1293,365,1293,91,0
1130,818,282,204,0
907,1277,226,1277,0
937,347,234,86,0
1208,1204,1208,1204,0
346,273,86,68,0
1242,561,1242,140,0
611,1165,152,291,0
388,110,97,27,0
419,555,104,138,0
1147,1081,286,270,0
916,1042,229,260,0
623,638,155,159,0
231,898,57,224,0
911,113,227,28,0
655,1251,163,1251,0
483,45,120,11,0
910,953,227,238,0
1131,427,282,106,0
424,860,106,215,0
1115,177,278,44,0
660,789,165,197,0
1098,857,274,214,0
302,349,75,87,0
153,364,38,91,0
590,577,147,144,0
219,561,54,140,0
1261,845,1261,211,0
359,162,89,40,0
262,790,65,197,0
241,848,60,212,0
1044,337,261,84,0
51,233,12,58,0
921,350,230,87,0
723,762,180,190,0
1243,263,1243,65,0
309,1166,77,291,0
884,749,221,187,0
1157,803,289,200,0
543,1085,135,271,0
854,523,213,130,0
128,591,32,147,0
11,718,2,179,0
1185,730,296,182,0
553,1116,138,279,0
419,701,104,175,0
1110,398,277,99,0
516,725,129,181,0
227,838,56,209,0
712,43,178,10,0
666,752,166,188,0
1129,789,282,197,0
215,1090,53,272,0
424,62,106,15,0
643,1209,160,1209,0
592,716,148,179,0
405,0,101,0,0
954,627,238,156,0
922,682,230,170,0
890,1087,222,271,0
830,594,207,148,0
1221,1105,1221,276,0
210,520,52,130,0
35,558,8,139,0
262,823,65,205,0
1248,522,1248,130,0
285,406,71,101,0
312,590,78,147,0
776,794,194,198,0
420,894,105,223,0
237,911,59,227,0
705,1111,176,277,0
988,1250,247,1250,0
141,258,35,64,0
596,432,149,108,0
578,726,144,181,0
1067,1124,266,281,0
946,1122,236,280,0
456,110,114,27,0
963,322,240,80,0
745,515,186,128,0
64,1232,16,1232,0
454,676,113,169,0
4,323,1,80,0
46,98,11,24,0
233,566,58,141,0
1168,790,292,197,0
765,702,191,175,0
419,1001,104,250,0
256,921,64,230,0
93,1075,23,268,0
692,321,173,80,0
173,240,43,60,0
524,530,131,132,0
818,719,204,179,0
1185,460,296,115,0
333,183,83,45,0
339,188,84,47,0
643,320,160,80,0
896,935,224,233,0
571,656,142,164,0
370,292,92,73,0
908,156,227,39,0
1174,1123,293,280,0
420,694,105,173,0
922,1198,230,299,0
556,111,139,27,0
639,418,159,104,0
1162,1084,290,271,0
72,438,18,109,0
847,890,211,222,0
368,26,92,6,0
215,764,53,191,0
491,1269,122,1269,0
308,1171,77,292,0
639,448,159,112,0
586,368,146,92,0
392,878,98,219,0
1242,562,1242,140,0
182,59,45,14,0
1209,992,1209,248,0
940,287,235,71,0
589,460,147,115,0
425,1067,106,266,0
234,216,58,54,0
188,692,47,173,0
949,535,237,133,0
212,177,53,44,0
886,1085,221,271,0
812,826,203,206,0
46,342,11,85,0
538,215,134,53,0
1261,71,1261,17,0
701,669,175,167,0
297,292,74,73,0
266,304,66,76,0
575,180,143,45,0
1263,744,1263,186,0
1101,204,275,51,0
1235,32,1235,8,0
1055,179,263,44,0
749,478,187,119,0
660,426,165,106,0
701,225,175,56,0
107,333,26,83,0
877,375,219,93,0
994,1285,248,1285,0
229,1274,57,1274,0
172,924,43,231,0
1105,491,276,122,0
1104,585,276,146,0
843,411,210,102,0
564,640,141,160,0
424,801,106,200,0
446,364,111,91,0
41,51,10,12,0
383,1228,95,1228,0
4,519,1,129,0
1151,194,287,48,0
1259,9,1259,2,0
636,106,159,26,0
1121,629,280,157,0
268,1037,67,259,0
1056,221,264,55,0
1274,1142,1274,285,0
1158,437,289,109,0
707,117,176,29,0
516,348,129,87,0
806,1186,201,296,0
1206,1096,1206,274,0
1260,49,1260,12,0
1074,1291,268,1291,0
1228,745,1228,186,0
1260,984,1260,246,0
543,1107,135,276,0
923,687,230,171,0
1292,276,1292,69,0
792,743,198,185,0
148,1010,37,252,0
536,668,134,167,0
395,1107,98,276,0
432,745,108,186,0
1066,420,266,105,0
295,492,73,123,0
33,571,8,142,0
736,470,184,117,0
11,972,2,243,0
1092,220,273,55,0
483,1055,120,263,0
414,1121,103,280,0
956,705,239,176,0
493,338,123,84,0
1159,1109,289,277,0
543,909,135,227,0
841,1159,210,289,0
387,1084,96,271,0
588,559,147,139,0
737,700,184,175,0
367,374,91,93,0
1238,637,1238,159,0
1066,357,266,89,0
287,988,71,247,0
961,350,240,87,0
372,209,93,52,0
423,785,105,196,0
489,692,122,173,0
880,716,220,179,0
900,348,225,87,0
192,723,48,180,0
208,119,52,29,0
452,468,113,117,0
476,873,119,218,0
182,586,45,146,0
74,625,18,156,0
380,591,95,147,0
456,806,114,201,0
306,749,76,187,0
464,239,116,59,0
1222,726,1222,181,0
618,154,154,38,0
1136,1071,284,267,0
232,644,58,161,0
155,740,38,185,0
1105,1034,276,258,0
893,339,223,84,0
565,200,141,50,0
461,1281,115,1281,0
715,1171,178,292,0
204,1290,51,1290,0
1235,1080,1235,270,0
390,1195,97,298,0
1006,697,251,174,0
815,857,203,214,0
940,727,235,181,0
509,1228,127,1228,0
814,2,203,0,0
436,932,109,233,0
206,909,51,227,0
642,264,160,66,0
670,435,167,108,0
1088,978,272,244,0
500,748,125,187,0
864,177,216,44,0
696,1119,174,279,0
673,1128,168,282,0
401,594,100,148,0
61,873,15,218,0
418,835,104,208,0
641,711,160,177,0
858,289,214,72,0
659,941,164,235,0
720,553,180,138,0
281,330,70,82,0
968,763,242,190,0
1075,936,268,234,0
331,745,82,186,0
42,231,10,57,0
493,654,123,163,0
1222,590,1222,147,0
1118,1166,279,291,0
1266,1158,1266,289,0
421,638,105,159,0
855,1073,213,268,0
207,926,51,231,0
631,1297,157,1297,0
1253,942,1253,235,0
195,1077,48,269,0
130,599,32,149,0
743,819,185,204,0
1051,166,262,41,0
888,729,222,182,0
221,766,55,191,0
568,368,142,92,0
665,984,166,246,0
642,1055,160,263,0
686,511,171,127,0
1227,97,1227,24,0
1286,1144,1286,286,0
8,362,2,90,0
566,733,141,183,0
396,163,99,40,0
989,1022,247,255,0
315,295,78,73,0
1225,1152,1225,288,0
394,928,98,232,0
562,484,140,121,0
1055,695,263,173,0
96,293,24,73,0
680,522,170,130,0
31,718,7,179,0
731,1040,182,260,0
706,249,176,62,0
625,706,156,176,0
265,1183,66,295,0
304,696,76,174,0
96,663,24,165,0
1060,56,265,14,0
149,589,37,147,0
194,559,48,139,0
352,1128,88,282,0
738,955,184,238,0
940,966,235,241,0
654,691,163,172,0
528,399,132,99,0
964,547,241,136,0
1119,1287,279,1287,0
1144,886,286,221,0
170,772,42,193,0
1159,560,289,140,0
766,42,191,10,0
